"hfpxzc href","qBF1Pd","MW4etd","UY7F9","W4Efsd","W4Efsd 2","doJOZc","W4Efsd 3","W4Efsd 4","W4Efsd 5","W4Efsd 6","W4Efsd 7","UsdlK","lcr4fd href","Cw1rxd","R8c4Qb","Cw1rxd 2","R8c4Qb 2","Jn12ke src","ah5Ghc","ah5Ghc 2","ah5Ghc 3"
"https://www.google.com/maps/place/Gravity+Amusement+Park/data=!4m7!3m6!1s0x182f6b90712c56bd:0x9f9da900f1c461bb!8m2!3d-1.228824!4d36.9896057!16s%2Fg%2F11qnt2b3g1!19sChIJvVYscZBrLxgRu2HE8QCpnZ8?authuser=0&hl=en&rclk=1","Gravity Amusement Park","4.3","(539)","Amusement park","·","","·","E. Bypass","Closed","· Opens 9 am Thu","·","0110 082603","https://fansnub.com/","","Website","","Directions","https://ssl.gstatic.com/local/servicebusiness/default_user.png","""Kids enjoyed the merry-go-round and castle.""","",""
"https://www.google.com/maps/place/LASERLAND/data=!4m7!3m6!1s0x182f1bd8d3e28395:0x6ca577e6212057b6!8m2!3d-1.3410186!4d36.7521191!16s%2Fg%2F11nnv9jlsd!19sChIJlYPi09gbLxgRtlcgIeZ3pWw?authuser=0&hl=en&rclk=1","LASERLAND","4.6","(157)","Amusement center","·","","Closed","· Opens 10 am Thu","·","","","0111 607545","","","Directions","","","https://ssl.gstatic.com/local/servicebusiness/default_user.png","""A","fun","filled facility with exciting"
"https://www.google.com/maps/place/Maji+Magic/data=!4m7!3m6!1s0x182f1b38f6fe4ba7:0xb2ab2758181e2b8!8m2!3d-1.3291914!4d36.7158394!16s%2Fg%2F11hdngd853!19sChIJp0v-9jgbLxgRuOKBgXWyKgs?authuser=0&hl=en&rclk=1","Maji Magic","4.4","(750)","Water park","·","","·","The Waterfront Mall, Langata Rd","Closed","· Opens 9:30 am Thu","·","0710 123456","http://www.majimagic.com/","","Website","","Directions","https://ssl.gstatic.com/local/servicebusiness/default_user.png","""They offer a lot of discount for the kids and free rides too.""","",""
"https://www.google.com/maps/place/Funscapes+Two+Rivers+Theme+Park/data=!4m7!3m6!1s0x182f3dc0bf5a3d87:0xce0e27082d26f3d0!8m2!3d-1.2090689!4d36.7962022!16s%2Fg%2F11fm6jx908!19sChIJhz1av8A9LxgR0PMmLQgnDs4?authuser=0&hl=en&rclk=1","Funscapes Two Rivers Theme Park","4.5","(2,174)","Amusement park","·","","·","QQQV+CR3, Limuru Road, Northern Bypass Rd","Closed","· Opens 9 am Thu","·","0707 603091","https://funscapesgroup.com/","","Website","","Directions","https://ssl.gstatic.com/local/servicebusiness/default_user.png","""It has very exciting","activities","for both children and older persons."""
"https://www.google.com/maps/place/Bounce+and+Play/data=!4m7!3m6!1s0x182f17ebad659097:0x1a5406d86cf47209!8m2!3d-1.2707119!4d36.8129802!16s%2Fg%2F11v3zpn2j9!19sChIJl5BlresXLxgRCXL0bNgGVBo?authuser=0&hl=en&rclk=1","Bounce and Play","4.9","(648)","Children's amusement center","·","","Closed","· Opens 10 am Thu","BroadWalk Mall, 2nd Floor Ojijo Rd","·","·","0757 999997","","","Directions","","","https://ssl.gstatic.com/local/servicebusiness/default_user.png","""The sheer variety of","activities","kept everyone engaged and entertained."""
"https://www.google.com/maps/place/The+Hub+Park/data=!4m7!3m6!1s0x2202d65c8c6a1dd:0x2531ce62f8ef73c5!8m2!3d-1.3198739!4d36.7040752!16s%2Fg%2F11w9057ryy!19sChIJ3aHGyGUtIAIRxXPv-GLOMSU?authuser=0&hl=en&rclk=1","The Hub Park","4.8","(921)","Amusement center","·","","·","The hub, Dagoretti Rd","Closed","· Opens 10 am Thu","·","0719 704259","http://thehubpark.com/","","Website","","Directions","https://ssl.gstatic.com/local/servicebusiness/default_user.png","""They bounced in trampoline park,obstacle courses and much more.""","",""
"https://www.google.com/maps/place/Burudani+adventure+park/data=!4m7!3m6!1s0x182f29600ed5bcb5:0xbe1060ce109570d7!8m2!3d-1.0931286!4d36.6692821!16s%2Fg%2F11q9hqm0x9!19sChIJtbzVDmApLxgR13CVEM5gEL4?authuser=0&hl=en&rclk=1","Burudani adventure park","4.6","(658)","Park","·","","","","","","","0115 707820","https://burudaniadventurepark.co.ke/","","Website","","Directions","https://ssl.gstatic.com/local/servicebusiness/default_user.png","""The kids had a blast with the treasure hunt, high ropes, and zip lining.""","",""
"https://www.google.com/maps/place/Magic+Planet/data=!4m7!3m6!1s0x182f3d44d1c1b8af:0xefa229db75ebd5b9!8m2!3d-1.2099065!4d36.7960181!16s%2Fg%2F11hcqbt2w8!19sChIJr7jB0UQ9LxgRudXrddspou8?authuser=0&hl=en&rclk=1","Magic Planet","4.5","(181)","Amusement center","·","","Closes soon","· 9 pm · Opens 9 am Thu","level -2, Two Rivers Mall","·","·","0707 603091","","","Directions","","","https://ssl.gstatic.com/local/servicebusiness/default_user.png","""A scenic place with a beehive of amusement and play items.""","",""
"https://www.google.com/maps/place/Paradise+Lost,+Kiambu/data=!4m7!3m6!1s0x182f3daaf743f58f:0x39d71e56621526e1!8m2!3d-1.1914503!4d36.8271375!16s%2Fg%2F113dpmrmn!19sChIJj_VD96o9LxgR4SYVYlYe1zk?authuser=0&hl=en&rclk=1","Paradise Lost, Kiambu","4.3","(1,248)","Picnic ground","·","","Open 24 hours","","Kiambu road Glory road Paradise lost road","·","·","0110 022222","","","Directions","","","https://ssl.gstatic.com/local/servicebusiness/default_user.png","""zip lining, boat ride, and nature trail.""","",""
"https://www.google.com/maps/place/Paradise+Lost/data=!4m7!3m6!1s0x182f3c9d34f6d309:0xc54f2d0d63cd6301!8m2!3d-1.1918716!4d36.8279837!16s%2Fg%2F1tf84gn7!19sChIJCdP2NJ08LxgRAWPNYw0tT8U?authuser=0&hl=en&rclk=1","Paradise Lost","4.3","(1,459)","Park","·","","Open 24 hours","","RR5H+755, Kiambu Rd","·","·","0721 980842","","","Directions","","","https://ssl.gstatic.com/local/servicebusiness/default_user.png","""The Zipline is cool, top up the day with feeding the ostriches for free""","",""
"https://www.google.com/maps/place/Under+The+Sea/data=!4m7!3m6!1s0x182f1712a16dcd69:0x1ddd3e8aab0f7a68!8m2!3d-1.2305786!4d36.8042971!16s%2Fg%2F11fj3fk1j6!19sChIJac1toRIXLxgRaHoPq4o-3R0?authuser=0&hl=en&rclk=1","Under The Sea","4.1","(167)","Indoor playground","·","","·","Limuru Rd","Closed","· Opens 9 am Thu","·","020 7122477","http://www.villagemarket-kenya.com/","","Website","","Directions","https://ssl.gstatic.com/local/servicebusiness/default_user.png","""Cool kids destination with lots of kids","games",", maze, Slides,"""
"https://www.google.com/maps/place/Giraffe+Centre/data=!4m7!3m6!1s0x182f05a9a4e927d3:0xe161fe0b53c6351f!8m2!3d-1.3763639!4d36.7443169!16zL20vMDltOTBq!19sChIJ0yfppKkFLxgRHzXGUwv-YeE?authuser=0&hl=en&rclk=1","Giraffe Centre","4.6","(17,057)","Tourist attraction","·","","·","Duma Rd","Closed","· Opens 9 am Thu","Rescue center for giraffes & nature park","020 8070804","https://www.giraffecentre.org/","","Website","","Directions","https://ssl.gstatic.com/local/servicebusiness/default_user.png","""Went here with 3 adults, 6 kids and a toddler and it was so much","fun","."""
"https://www.google.com/maps/place/Kids+Fun+Activities+Nairobi/data=!4m7!3m6!1s0x182f1b531cb353e9:0x252042b7259a94c9!8m2!3d-1.298515!4d36.7619412!16s%2Fg%2F11s5xls0yn!19sChIJ6VOzHFMbLxgRyZSaJbdCICU?authuser=0&hl=en&rclk=1","Kids Fun Activities Nairobi","4.8","(4)","Children's party service","·","","Open 24 hours","","Junction Mall","·","·","020 2697114","","","Directions","","","https://ssl.gstatic.com/local/servicebusiness/default_user.png","""Kids","Fun Activities","added a special touch to our event."""
"https://www.google.com/maps/place/THE+JUNGLE+Sarit+Centre/data=!4m7!3m6!1s0x182f173b4178ad01:0x3513aac933467782!8m2!3d-1.261176!4d36.8022989!16s%2Fg%2F11qg4kvwgt!19sChIJAa14QTsXLxgRgndGM8mqEzU?authuser=0&hl=en&rclk=1","THE JUNGLE Sarit Centre","4.0","(30)","Children's amusement center","·","","Closes soon","· 9 pm · Opens 10 am Thu","Sarit Centre, Karuna Rd","·","·","0740 101010","","","Directions","","","https://ssl.gstatic.com/local/servicebusiness/default_user.png","""An amazing place for kids to play while you busy yourself at the Sarit mall.""","",""
"https://www.google.com/maps/place/Kids+Arena+-+Diamond+plaza+II/data=!4m7!3m6!1s0x182f1712c11fdcc3:0x32083b66c9dae2e!8m2!3d-1.258376!4d36.8192642!16s%2Fg%2F11lbdh67m1!19sChIJw9wfwRIXLxgRLq6dbLaDIAM?authuser=0&hl=en&rclk=1","Kids Arena - Diamond plaza II","4.2","(83)","Amusement center","·","","Closed","· Opens 10 am Thu","2 Fourth Parklands Ave","·","·","0769 431161","","","Directions","","","https://ssl.gstatic.com/local/servicebusiness/default_user.png","""There is iced skating and plenty of kids","activities","."""
"https://www.google.com/maps/place/Ozone+Trampoline+Park/data=!4m7!3m6!1s0x182f17ec10a2f96d:0x741044b88dd1de71!8m2!3d-1.2300637!4d36.8044259!16s%2Fg%2F11fj3fmydg!19sChIJbfmiEOwXLxgRcd7RjbhEEHQ?authuser=0&hl=en&rclk=1","Ozone Trampoline Park","4.5","(231)","Recreation center","·","","·","Limuru Rd","Closed","· Opens 9 am Thu","·","020 7122477","http://villagemarket-kenya.com/","","Website","","Directions","https://ssl.gstatic.com/local/servicebusiness/default_user.png","""It's a zone on it's on zone ozone place for kids to enjoy their energy""","",""
"https://www.google.com/maps/place/Gameworks+Kenya+Entertainment/data=!4m7!3m6!1s0x182f3c5692f676c9:0x63df7674799778c7!8m2!3d-1.1817314!4d36.828498!16s%2Fg%2F11fx8zrks1!19sChIJyXb2klY8LxgRx3iXeXR232M?authuser=0&hl=en&rclk=1","Gameworks Kenya Entertainment","4.1","(140)","Recreation center","·","","Closed","· Opens 6 am Thu","RR9H+895","·","·","0780 717911","","","Directions","","","","","",""
"https://www.google.com/maps/place/Adventures+In+Kenya+-+Adventure+Escapades/data=!4m7!3m6!1s0x182f170dbbd7be6d:0x7b25efdb95261db4!8m2!3d-1.251571!4d36.756682!16s%2Fg%2F11ry9dj7zz!19sChIJbb7Xuw0XLxgRtB0mldvvJXs?authuser=0&hl=en&rclk=1","Adventures In Kenya - Adventure Escapades","5.0","(14)","Outdoor activity organiser","·","","Loresho, Loresho Grove","","Closed","· Opens 7:30 am Thu","·","0743 898464","http://www.adventure.ke/","","Website","","Directions","https://ssl.gstatic.com/local/servicebusiness/default_user.png","""Had a fantastic experience with Adventure Escapades.""","",""
"https://www.google.com/maps/place/Nairobi+National+Park/data=!4m7!3m6!1s0x182f0fbbde36bc45:0x6f9671d1966870ec!8m2!3d-1.3824923!4d36.86102!16zL20vMDQ1d3pi!19sChIJRbw23rsPLxgR7HBoltFxlm8?authuser=0&hl=en&rclk=1","Nairobi National Park","4.5","(11,241)","Tourist attraction","·","","Safaris amid lions, leopards & giraffes","","Closed","· Opens 6 am Thu","·","0800 597 000","https://www.kws.go.ke/nairobi-national-park","","Website","","Directions","https://ssl.gstatic.com/local/servicebusiness/default_user.png","""It was","fun","enjoyable the surrounding was superb the fee was fair enough"""
"https://www.google.com/maps/place/Snake+Park/data=!4m7!3m6!1s0x182f17b73f48679b:0x22bc705d4c50320a!8m2!3d-1.2746661!4d36.8148014!16s%2Fg%2F11jgm2z_mx!19sChIJm2dIP7cXLxgRCjJQTF1wvCI?authuser=0&hl=en&rclk=1","Snake Park","4.3","(1,439)","Zoo","·","","Closed","· Opens 8:30 am Thu","Prof. Wangari Maathai Rd","·","Animal attraction with reptiles galore","020 8164134","","","Directions","","","https://ssl.gstatic.com/local/servicebusiness/default_user.png","""You can get a guide to lead you on or you can explore on your own.""","",""
"https://www.google.com/maps/place/Bucketlist+Adventures/data=!4m7!3m6!1s0x182f17308caf8643:0xb225c34e80ba4461!8m2!3d-1.264544!4d36.8036399!16s%2Fg%2F11fzf7qbyh!19sChIJQ4avjDAXLxgRYUS6gE7DJbI?authuser=0&hl=en&rclk=1","Bucketlist Adventures","4.5","(15)","Adventure sports center","·","","Krishna center","","Open 24 hours","","·","0757 880880","https://bucketlist.co.ke/","","Website","","Directions","https://ssl.gstatic.com/local/servicebusiness/default_user.png","""They are well organized, keep time and value for money.""","",""
"https://www.google.com/maps/place/Luna+Park+international/data=!4m7!3m6!1s0x182f165d531cf92f:0x9336a0e556ec20b!8m2!3d-1.2407646!4d36.8454132!16s%2Fg%2F11dz5bjg7p!19sChIJL_kcU10WLxgRC8JuVQ5qMwk?authuser=0&hl=en&rclk=1","Luna Park international","3.9","(165)","Amusement park","·","","","·","Open","· Closes 10 pm","","0720 563236","http://www.lunaparkinternational.com/","","Website","","Directions","https://ssl.gstatic.com/local/servicebusiness/default_user.png","""Mostly enjoyed the Merry Go Round and Bumper Car rides.""","",""
"https://www.google.com/maps/place/Psycho+60+Escape+Rooms/data=!4m7!3m6!1s0x182f1a0979494dcd:0xd4dafb741c2c48a9!8m2!3d-1.291755!4d36.778985!16s%2Fg%2F11c73rw_ky!19sChIJzU1JeQkaLxgRqUgsHHT72tQ?authuser=0&hl=en&rclk=1","Psycho 60 Escape Rooms","4.3","(12)","Amusement center","·","","Closed","· Opens 9 am Thu","","Elgeyo Marakwet North Rd","·","0787 779246","","","Directions","","","","","",""
"https://www.google.com/maps/place/Climb+BlueSky/data=!4m7!3m6!1s0x182f171ba1c079a1:0x3d325cdf9f56d8ba!8m2!3d-1.2583114!4d36.8184193!16s%2Fg%2F11c51w5ywv!19sChIJoXnAoRsXLxgRuthWn99cMj0?authuser=0&hl=en&rclk=1","Climb BlueSky","4.6","(455)","Rock climbing gym","·","","·","Diamond Plaza 1, Parklands/Highridge Masari Rd, Old Tower 6th floor","Closed","· Opens 12:30 pm Thu","·","0792 790087","http://www.blueskykenya.org/climb","","Website","","Directions","https://ssl.gstatic.com/local/servicebusiness/default_user.png","""Super cool gym with","fun","and creative bouldering and top roped routes."""
"https://www.google.com/maps/place/Funscapes/data=!4m7!3m6!1s0x182f15f4af74d95b:0x19777bbde784a42f!8m2!3d-1.2200072!4d36.8890036!16s%2Fg%2F11ggvxjq5w!19sChIJW9l0r_QVLxgRL6SE5717dxk?authuser=0&hl=en&rclk=1","Funscapes","4.1","(20)","Game store","·","","Closed","· Opens 9 am Thu","","","","","","","Directions","","","https://ssl.gstatic.com/local/servicebusiness/default_user.png","""... place to stash your kids in the afternoon, good choices of","games",""""
"https://www.google.com/maps/place/Uhuru+Park/data=!4m7!3m6!1s0x182f11870910363f:0xbd7deccd3c795907!8m2!3d-1.2901673!4d36.8166396!16zL20vMDR6d3hr!19sChIJPzYQCYcRLxgRB1l5PM3sfb0?authuser=0&hl=en&rclk=1","Uhuru Park","4.1","(23,215)","Park","·","","·","23 Uhuru Hwy","Closed","· Opens 9 am Thu","National monuments & an artificial lake","","http://www.uhuruparknairobi.com/","","Website","","Directions","https://ssl.gstatic.com/local/servicebusiness/default_user.png","""There are all manner of","fun activities","and"
"https://www.google.com/maps/place/Ruaka+Falls+Waterfall/data=!4m7!3m6!1s0x182f1793cb2b81d3:0x9b24b6f627e45bfd!8m2!3d-1.2247777!4d36.8202566!16s%2Fg%2F11kjnf9krx!19sChIJ04Ery5MXLxgR_VvkJ_a2JJs?authuser=0&hl=en&rclk=1","Ruaka Falls Waterfall","4.8","(52)","Hiking area","·","","Closed","· Opens 6 am Thu","","QRGC+34","","","","","Directions","","","https://ssl.gstatic.com/local/servicebusiness/default_user.png","""If you need an escape, be it for 30min or 3 hrs.""","",""
"https://www.google.com/maps/place/Pins+Entertainment+%7C+Kids+Play+Area+%7C+Games+and+Food/data=!4m7!3m6!1s0x182f17797e8216ff:0x56da46f2daac3d86!8m2!3d-1.2611605!4d36.8019777!16s%2Fg%2F11j97m0ygy!19sChIJ_xaCfnkXLxgRhj2s2vJG2lY?authuser=0&hl=en&rclk=1","Pins Entertainment | Kids Play Area | Games and Food","4.6","(888)","Bowling alley","·","","·","Sarit Centre, Sarit Centre1st Floor Old Wing, Karuna Rd","Open","· Closes 12 am","·","0780 101010","https://pinsentertainment.com/","","Website","","Directions","https://ssl.gstatic.com/local/servicebusiness/default_user.png","""The place also offers a jungle for kids,air hockey and pool.""","",""
"https://www.google.com/maps/place/Karura+Forest+%28Gate+D%29/data=!4m7!3m6!1s0x182f1728162a0c91:0x13dbc225cacdc3e3!8m2!3d-1.238245!4d36.8175476!16s%2Fm%2F0fqnpdn!19sChIJkQwqFigXLxgR48PNyiXC2xM?authuser=0&hl=en&rclk=1","Karura Forest (Gate D)","4.6","(193)","Park","·","","","","QR79+47F","·","","","","","Directions","","","https://ssl.gstatic.com/local/servicebusiness/default_user.png","""... chilling ger away
Family gathering and team building","activities",""""
"https://www.google.com/maps/place/Amuse+Kenya/data=!4m7!3m6!1s0xa774c155ca104ef1:0xab2eb62809c8d868!8m2!3d-1.2408053!4d36.7954804!16s%2Fg%2F11rm_xvrq5!19sChIJ8U4QylXBdKcRaNjICSi2Lqs?authuser=0&hl=en&rclk=1","Amuse Kenya","4.6","(19)","Outdoor activity organiser","·","","Thigiri Ln","","Closed","· Opens 7 am Thu","·","0114 705763","https://amusekenya.co.ke/","","Website","","Directions","https://ssl.gstatic.com/local/servicebusiness/default_user.png","""The long bicycle rides in the forest are the highlight.""","",""
"https://www.google.com/maps/place/Madmax+Karting/data=!4m7!3m6!1s0x182f3deea50a0081:0xbe50a87785cf10c!8m2!3d-1.2103208!4d36.7966397!16s%2Fg%2F11k0yy4tz7!19sChIJgQAKpe49LxgRDPFceIcK5Qs?authuser=0&hl=en&rclk=1","Madmax Karting","4.5","(337)","Go-karting venue","·","","·","Two Rivers Mall, Limuru Rd, Nairobi","","","","0700 002211","http://madmax.co.ke/","","Website","","Directions","https://ssl.gstatic.com/local/servicebusiness/default_user.png","""Great experience, clean and so much","fun",""""
"https://www.google.com/maps/place/Sk8City+Nairobi/data=!4m7!3m6!1s0x182f17471f59541f:0xa3ea520b4dad5fbb!8m2!3d-1.2582813!4d36.8190835!16s%2Fg%2F11kqrkwpsk!19sChIJH1RZH0cXLxgRu1-tTQtS6qM?authuser=0&hl=en&rclk=1","Sk8City Nairobi","4.4","(219)","Roller skating rink","·","","·","12th floor Diamond Plaza 2","Open","· Closes 3 am","·","0712 809209","http://www.skatecitynairobi.co.ke/","","Website","","Directions","https://ssl.gstatic.com/local/servicebusiness/default_user.png","""I especially enjoyed the arcade","games","and skating is unlimited to time."""
"https://www.google.com/maps/place/Two+Rivers+Ferris+Wheel/data=!4m7!3m6!1s0x182f3d1b7198f985:0xc76a6326067e77a7!8m2!3d-1.2083193!4d36.7965985!16s%2Fg%2F11hdt6qnqz!19sChIJhfmYcRs9LxgRp3d-BiZjasc?authuser=0&hl=en&rclk=1","Two Rivers Ferris Wheel","4.6","(163)","Ferris wheel","·","","Closed","· Opens 9 am Thu","QQRW+MJH Two Rivers","·","·","0709 190000","","","Directions","","","https://ssl.gstatic.com/local/servicebusiness/default_user.png","""The staff were welcoming and friendly and the wheel was worth every penny!""","",""
"https://www.google.com/maps/place/The+Fun+Factory/data=!4m7!3m6!1s0x182f171576a6c967:0xdb8b09546bc1d984!8m2!3d-1.2553351!4d36.7996618!16s%2Fg%2F11w49thc24!19sChIJZ8mmdhUXLxgRhNnBa1QJi9s?authuser=0&hl=en&rclk=1","The Fun Factory","4.8","(88)","Toy store","·","","Mwanzi Market Mwanzi Rd","","Closed","· Opens 9 am Thu","·","0703 555632","http://www.funfactory.co.ke/","","Website","","Directions","https://ssl.gstatic.com/local/servicebusiness/default_user.png","""The selection is great, with something for every age group.""","",""
"https://www.google.com/maps/place/Casino+Flamingo+Westlands,+Nairobi/data=!4m7!3m6!1s0x182f173fe37891a9:0x4645f0ce387da60a!8m2!3d-1.2646298!4d36.8042373!16s%2Fg%2F1tzvytk7!19sChIJqZF44z8XLxgRCqZ9OM7wRUY?authuser=0&hl=en&rclk=1","Casino Flamingo Westlands, Nairobi","4.3","(516)","Tourist attraction","·","","·","Fortis Tower, 3rd Floor Woodvale Grv","Open","· Closes 4 am","·","0712 007777","https://senatorworld.com/en/kenya","","Website","","Directions","https://ssl.gstatic.com/local/servicebusiness/default_user.png","""Very Friendly staff and honest","games",", nice food!"""
"https://www.google.com/maps/place/Asn+Adventures/data=!4m7!3m6!1s0x182f17685da6175f:0xf2f2d5a8926fc589!8m2!3d-1.2663487!4d36.8370485!16s%2Fg%2F11rv1gwvh1!19sChIJXxemXWgXLxgRicVvkqjV8vI?authuser=0&hl=en&rclk=1","Asn Adventures","5.0","(28)","Tour operator","·","","Home Choice Biulding, Agoi Rd","","Closed","· Opens 8 am Thu","·","0715 780108","https://asnsafaris.com/","","Website","","Directions","https://ssl.gstatic.com/local/servicebusiness/default_user.png","""Great service....great experience...asn adventures...best in the game""","",""
"https://www.google.com/maps/place/SuperToto+Fun+Park/data=!4m7!3m6!1s0x182f1f7a0b3124ed:0xf1c9c99716649bd3!8m2!3d-1.2773438!4d36.6182306!16s%2Fg%2F11n5vmy53q!19sChIJ7SQxC3ofLxgR05tkFpfJyfE?authuser=0&hl=en&rclk=1","SuperToto Fun Park","3.4","(5)","Playground","·","","Closed","· Opens 9:30 am Thu","Dagoretti Rd","·","","","","","Directions","","","https://ssl.gstatic.com/local/servicebusiness/default_user.png","""When it comes to kids and","fun","...A very nice place"""
"https://www.google.com/maps/place/Westgate+kids+club/data=!4m7!3m6!1s0x182f1761f32184fb:0x843ca30db0f521af!8m2!3d-1.2574226!4d36.8029027!16s%2Fg%2F11h18bg4_5!19sChIJ-4Qh82EXLxgRryH1sA2jPIQ?authuser=0&hl=en&rclk=1","Westgate kids club","3.5","(133)","Playground","·","","Closed","· Opens 9 am Thu","Mwanzi Rd","·","·","0700 618934","","","Directions","","","https://ssl.gstatic.com/local/servicebusiness/default_user.png","""They can play for countless hours without getting bored.""","",""
"https://www.google.com/maps/place/Nairobi+Animal+Orphanage/data=!4m7!3m6!1s0x182f1aa9b8854343:0x64ebb60de1016312!8m2!3d-1.336859!4d36.7797851!16s%2Fg%2F1tsvw7z_!19sChIJQ0OFuKkaLxgREmMB4Q2262Q?authuser=0&hl=en&rclk=1","Nairobi Animal Orphanage","4.4","(6,395)","Tourist attraction","·","","·","National Park, Karen, Langata Rd","Closed","· Opens 8 am Thu","Wildlife rehabilitation spot with tours","020 2379407","http://www.kws.go.ke/content/nairobi-animal-orphanage-0","","Website","","Directions","https://ssl.gstatic.com/local/servicebusiness/default_user.png","""","Fun","affordable activity for the weekend."""
"https://www.google.com/maps/place/Jump+Xtreme+Nairobi/data=!4m7!3m6!1s0x182f17b6c84b617f:0x1bd75bc7cb8f5105!8m2!3d-1.2611605!4d36.8019777!16s%2Fg%2F11kbfsfvg7!19sChIJf2FLyLYXLxgRBVGPy8db1xs?authuser=0&hl=en&rclk=1","Jump Xtreme Nairobi","4.5","(150)","Shopping mall","·","","·","Sarit Centre Mall 2nd Floor Rooftop Garden, Sarit Pio Gama Pinto Road, Karuna Rd","Closed","· Opens 10 am Thu","·","0111 122555","https://jumpx.ke/","","Website","","Directions","https://ssl.gstatic.com/local/servicebusiness/default_user.png","""Many","activities","to keep kids entertained while in a safe environment."""
"https://www.google.com/maps/place/City+Park/data=!4m7!3m6!1s0x182f16e0a361a209:0x9e36784a50f9d8a!8m2!3d-1.2631889!4d36.8292105!16s%2Fg%2F11c1v__dsz!19sChIJCaJho-AWLxgRip0PpYRn4wk?authuser=0&hl=en&rclk=1","City Park","4.2","(1,901)","Park","·","","Wooded paths, flowers & monkey feeding","","Open 24 hours","","·","0786 563638","http://www.friendsofcitypark.org/","","Website","","Directions","https://ssl.gstatic.com/local/servicebusiness/default_user.png","""You can also come for an experience with the vervet monkey's.""","",""
"https://www.google.com/maps/place/Kenya+Tour+Budget+Safari+%E2%80%93+Best+Affordable+Kenya+Safari+Packages+%26+Masai+Mara+Tours/data=!4m7!3m6!1s0x182f10d5dfa419c9:0x746223bb8a95fa3b!8m2!3d-1.2815623!4d36.8173226!16s%2Fg%2F11c1tszswc!19sChIJyRmk39UQLxgRO_qVirsjYnQ?authuser=0&hl=en&rclk=1","Kenya Tour Budget Safari – Best Affordable Kenya Safari Packages & Masai Mara Tours","4.9","(222)","Tour operator","·","","·","Kenya House Complex, 1st Floor Koinange St","Open 24 hours","","·","0734 878643","https://kenyatourbudgetsafari.com/","","Website","","Directions","https://ssl.gstatic.com/local/servicebusiness/default_user.png","""It was a family adventure full of laughter and unforgettable memories.""","",""
"https://www.google.com/maps/place/August+7th+Memorial+Park/data=!4m7!3m6!1s0x182f1127a43288f9:0x133e87557b9d7b54!8m2!3d-1.2889904!4d36.8268679!16s%2Fg%2F1yl47m9gk!19sChIJ-YgypCcRLxgRVHude1WHPhM?authuser=0&hl=en&rclk=1","August 7th Memorial Park","4.4","(5,193)","Tourist attraction","·","","·","Junction of Moi Avenue","Closed","· Opens 6 am Thu","·","0722 323302","http://memorialparkkenya.org/","","Website","","Directions","https://ssl.gstatic.com/local/servicebusiness/default_user.png","""Made friends and memories.recreation and bonding with nature""","",""
"https://www.google.com/maps/place/Village+Market/data=!4m7!3m6!1s0x182f17c02c0c60eb:0xabe915056c56fb6c!8m2!3d-1.228842!4d36.805044!16s%2Fm%2F05p3n5q!19sChIJ62AMLMAXLxgRbPtWbAUV6as?authuser=0&hl=en&rclk=1","Village Market","4.6","(9,312)","Shopping mall","·","","·","Village Market, Limuru Rd","Open","· Closes 11 pm","Shopping & dining in refined surrounds","020 7122488","http://www.villagemarket-kenya.com/","","Website","","Directions","https://ssl.gstatic.com/local/servicebusiness/default_user.png","""There's bowling, miniature golf, trampoline, and virtual gaming.""","",""
"https://www.google.com/maps/place/Mzuzi+Park/data=!4m7!3m6!1s0x182f3d820ecbcd5d:0x3c749c76896fe1a5!8m2!3d-1.2024301!4d36.8432476!16s%2Fg%2F11gyyx2tgx!19sChIJXc3LDoI9LxgRpeFviXacdDw?authuser=0&hl=en&rclk=1","Mzuzi Park","4.4","(330)","Park","·","","·","Thindigwa Highway Rd","Open","· Closes 10 pm","·","0705 112121","https://www.facebook.com/mzuzipark/?modal=admin_todo_tour","","Website","","Directions","https://ssl.gstatic.com/local/servicebusiness/default_user.png","""Basketball court, you can play till 10pm.""","",""
"https://www.google.com/maps/place/Village+Bowl/data=!4m7!3m6!1s0x182f1785d527e033:0x1bcfa5733936d9fe!8m2!3d-1.229809!4d36.8043655!16s%2Fg%2F11gvz8lxb6!19sChIJM-An1YUXLxgR_tk2OXOlzxs?authuser=0&hl=en&rclk=1","Village Bowl","4.6","(1,169)","Bowling alley","·","","·","Limuru Rd","Open","· Closes 10 pm","·","020 7122476","http://villagemarket-kenya.com/","","Website","","Directions","https://ssl.gstatic.com/local/servicebusiness/default_user.png","""Lots of","fun",", well maintained, fair prices"""
"https://www.google.com/maps/place/Karen+Blixen+Museum/data=!4m7!3m6!1s0x182f04b9fac13b53:0xac437c7bbfb31de3!8m2!3d-1.35196!4d36.712504!16zL20vMDdwcnpn!19sChIJUzvB-rkELxgR4x2zv3t8Q6w?authuser=0&hl=en&rclk=1","Karen Blixen Museum","4.4","(3,483)","Tourist attraction","·","","·","Karen Rd","Closed","· Opens 8:30 am Thu","'Out Of Africa' author Blixen's old home","020 8002139","http://www.museums.or.ke/karen-blixen/","","Website","","Directions","https://ssl.gstatic.com/local/servicebusiness/default_user.png","""... your mats, balls, skipping ropes, and other items for team","activities","."""
"https://www.google.com/maps/place/Aanika+Karibu+Safaris+in+Kenya/data=!4m7!3m6!1s0x182f11ab4a93f14b:0x81def467543fdda1!8m2!3d-1.2840689!4d36.8203373!16s%2Fg%2F1ptxvlhyy!19sChIJS_GTSqsRLxgRod0_VGf03oE?authuser=0&hl=en&rclk=1","Aanika Karibu Safaris in Kenya","4.8","(994)","Tour operator","·","","·","portal Place house Muindi mbingu street 4th floor","Open 24 hours","","·","0790 194500","http://www.safarisinkenya.net/","","Website","","Directions","https://ssl.gstatic.com/local/servicebusiness/default_user.png","""Had a fabulous time and nest experience...highly recommend them""","",""
"https://www.google.com/maps/place/PlusOne+Adventures/data=!4m7!3m6!1s0x182f1131ad62893b:0xe1fdf6c05662ce08!8m2!3d-1.2830788!4d36.8260179!16s%2Fg%2F11w8fdpr6y!19sChIJO4lirTERLxgRCM5iVsD2_eE?authuser=0&hl=en&rclk=1","PlusOne Adventures","4.9","(22)","Tour agency","·","","Tsavo Road","","Open 24 hours","","·","0794 006759","https://plusoneadventures.co.ke/","","Website","","Directions","https://ssl.gstatic.com/local/servicebusiness/default_user.png","""Awesome team, really enjoyed Jangwani camping and water rafting""","",""
"https://www.google.com/maps/place/National+Museum+of+Kenya/data=!4m7!3m6!1s0x182f172e2b30a483:0x24eee4c08364a0f3!8m2!3d-1.2739629!4d36.814425!16s%2Fg%2F11b5phrsg1!19sChIJg6QwKy4XLxgR86Bkg8Dk7iQ?authuser=0&hl=en&rclk=1","National Museum of Kenya","4.5","(11,716)","Tourist attraction","·","","·","Kipande Rd","Closed","· Opens 9 am Thu","Museum of East African history","0721 308485","http://www.museums.or.ke/","","Website","","Directions","https://ssl.gstatic.com/local/servicebusiness/default_user.png","""Museum exhibits was educative,interactive and well done.""","",""
"https://www.google.com/maps/place/Mount+Kenya+Climbing+Expeditions+%7C+Mount+Kenya+treks+%7C+Kilimanjaro+climbing+guide/data=!4m7!3m6!1s0x182f10d31e0d0d01:0xd89fd7d988978eb9!8m2!3d-1.2810371!4d36.817173!16s%2Fg%2F11cm74yv78!19sChIJAQ0NHtMQLxgRuY6XiNnXn9g?authuser=0&hl=en&rclk=1","Mount Kenya Climbing Expeditions | Mount Kenya treks | Kilimanjaro climbing guide","4.7","(13)","Tour operator","·","","·","University Way","Closed","· Opens 9 am Thu","·","0722 884748","https://www.mountkenyaclimbing.com/","","Website","","Directions","https://ssl.gstatic.com/local/servicebusiness/default_user.png","""Thanks again for the trek of a lifetime!""","",""
"https://www.google.com/maps/place/Mount+Longonot+National+Park/data=!4m7!3m6!1s0x18292d86b319c667:0xdb4c7c003c47b241!8m2!3d-0.9161123!4d36.4459276!16s%2Fg%2F1231fwyd!19sChIJZ8YZs4YtKRgRQbJHPAB8TNs?authuser=0&hl=en&rclk=1","Mount Longonot National Park","4.6","(2,128)","Tourist attraction","·","","·","Mount Longonot National park","","","Hiking area with a crater rim walk","0800 597 000","http://www.kws.go.ke/","","Website","","Directions","https://ssl.gstatic.com/local/servicebusiness/default_user.png","""It is a","fun","experience for first time climbers though can be a bit tough."""
"https://www.google.com/maps/place/Go+To+Mount+Kenya+climbing/data=!4m7!3m6!1s0x182f10d6c4f0f09d:0xfa7f5bd71b577e94!8m2!3d-1.2645559!4d36.7979522!16s%2Fg%2F1tfdhb43!19sChIJnfDwxNYQLxgRlH5XG9dbf_o?authuser=0&hl=en&rclk=1","Go To Mount Kenya climbing","5.0","(30)","Travel agency","·","","204 Sports Rd","","","","","0722 751919","http://www.gotomountkenya.com/","","Website","","Directions","https://ssl.gstatic.com/local/servicebusiness/default_user.png","""We had an amazing time climbing Mount Kenya in February.""","",""
"https://www.google.com/maps/place/Guru+Grandview+Expedition/data=!4m7!3m6!1s0x182f41d763a4fd47:0x26d48e63f685c63e!8m2!3d-1.2887774!4d36.8232763!16s%2Fg%2F11mrsv7zl_!19sChIJR_2kY9dBLxgRPsaF9mOO1CY?authuser=0&hl=en&rclk=1","Guru Grandview Expedition","5.0","(30)","Tour operator","","","·","","Open 24 hours","","","0708 242550","https://guruadventures.site/","","Website","","Directions","https://ssl.gstatic.com/local/servicebusiness/default_user.png","""I had an unforgettable experience with Guru adventure company.""","",""
"https://www.google.com/maps/place/The+Yard+Mini+Golf/data=!4m7!3m6!1s0x182f17c6d7f0a523:0x80b7874e40bb79b0!8m2!3d-1.2301267!4d36.8043643!16s%2Fg%2F11tcz7gdq5!19sChIJI6Xw18YXLxgRsHm7QE6Ht4A?authuser=0&hl=en&rclk=1","The Yard Mini Golf","4.7","(40)","Recreation center","·","","Open","· Closes 10 pm","","Village Market Limuru Road","·","020 7122476","","","Directions","","","https://ssl.gstatic.com/local/servicebusiness/default_user.png","""They have an 18 hole mini golf course that gets challenging as you advance.""","",""
"https://www.google.com/maps/place/Bamba+Adventures+and+Events+Ltd/data=!4m7!3m6!1s0x182f1736edc5ee2d:0xc8c8ef5c278fa74c!8m2!3d-1.2815623!4d36.8173226!16s%2Fg%2F11j0j_zpby!19sChIJLe7F7TYXLxgRTKePJ1zvyMg?authuser=0&hl=en&rclk=1","Bamba Adventures and Events Ltd","4.9","(80)","Tour operator","·","","Rattansi Educational Trust Building, 1 Koinange St","","Closed","· Opens 8 am Thu","·","0706 606606","http://www.bambaadventures.co.ke/","","Website","","Directions","https://ssl.gstatic.com/local/servicebusiness/default_user.png","""It was a good and affordable experience.""","",""
"https://www.google.com/maps/place/Maparasha+Adventures/data=!4m7!3m6!1s0x182f11b73ecbd4d7:0x3976ee0b204dd8f7!8m2!3d-1.2801116!4d36.8207607!16s%2Fg%2F11sjgmr3_8!19sChIJ19TLPrcRLxgR99hNIAvudjk?authuser=0&hl=en&rclk=1","Maparasha Adventures","5.0","(2)","Outdoor activity organiser","","","Closed","· Opens 9 am Thu","","·","","0714 479921","","","Directions","","","https://ssl.gstatic.com/local/servicebusiness/default_user.png","""Thanks @maparashaadventures""","",""
"https://www.google.com/maps/place/Elyzza+Tours+%26+Adventures/data=!4m7!3m6!1s0x182f16d766b8b121:0x5baf87d8db89ce62!8m2!3d-1.2720859!4d36.8288337!16s%2Fg%2F11f2dq78cg!19sChIJIbG4ZtcWLxgRYs6J29iHr1s?authuser=0&hl=en&rclk=1","Elyzza Tours & Adventures","3.6","(226)","Tour operator","·","","Open 24 hours","","","Muranga Road","·","0721 585333","","","Directions","","","https://ssl.gstatic.com/local/servicebusiness/default_user.png","""The experience was however","fun","and the guide was great"""
"https://www.google.com/maps/place/Adventure+Travels+Kenya/data=!4m7!3m6!1s0x182f118f55bde7bd:0xf212255b811402dd!8m2!3d-1.2838335!4d36.8184795!16s%2Fg%2F11g0tb3kdc!19sChIJvee9VY8RLxgR3QIUgVslEvI?authuser=0&hl=en&rclk=1","Adventure Travels Kenya","5.0","(33)","Tour operator","·","","Arrow House, 13 Koinange St","","Open 24 hours","","·","0734 467353","http://www.adventuretravelskenya.com/","","Website","","Directions","https://ssl.gstatic.com/local/servicebusiness/default_user.png","""‎
‎The animals seen ranged from giraffes to lions, making each day unique.""","",""
"https://www.google.com/maps/place/Four+Brothers+Adventures/data=!4m7!3m6!1s0x182f11a2620dbb9f:0xd747734abefcf8f3!8m2!3d-1.2866945!4d36.816937!16s%2Fg%2F11snlw2n_l!19sChIJn7sNYqIRLxgR8_j8vkpzR9c?authuser=0&hl=en&rclk=1","Four Brothers Adventures","4.9","(23)","Tour operator","·","","PR78+8QF, Kenyatta Ave","","Closes soon","· 9 pm · Opens 6:30 am Thu","·","0743 874872","http://www.fourbrothersadventures.co.ke/","","Website","","Directions","https://ssl.gstatic.com/local/servicebusiness/default_user.png","""It's about the professionalism, quality,and the","fun","for me.,"""
"https://www.google.com/maps/place/Hells+Gate+National+Park/data=!4m7!3m6!1s0x18294a01b3120caf:0xa1258436f698fc5d!8m2!3d-0.87579!4d36.3173817!16zL20vMDk5Xzd6!19sChIJrwwSswFKKRgRXfyY9jaEJaE?authuser=0&hl=en&rclk=1","Hells Gate National Park","4.5","(4,002)","National park","·","","Savannah ecosystem with rock climbing","","Closed","· Opens 6 am Thu","·","0770 070405","https://www.kws.go.ke/hells-gate-national-park","","Website","","Directions","https://ssl.gstatic.com/local/servicebusiness/default_user.png","""Rock climbing is among the","fun","filled"
"https://www.google.com/maps/place/Explorer+Kenya+Tours+and+Travel+Limited/data=!4m7!3m6!1s0x182f15de8a90af43:0x9fd5cf9d97887625!8m2!3d-1.2218958!4d36.8473717!16s%2Fg%2F1q6kk8pr8!19sChIJQ6-Qit4VLxgRJXaIl53P1Z8?authuser=0&hl=en&rclk=1","Explorer Kenya Tours and Travel Limited","4.9","(268)","Tour operator","·","","·","Ridgeways Rd","Closed","· Opens 8:30 am Thu","·","0798 310097","https://www.explorerkenya.com/","","Website","","Directions","https://ssl.gstatic.com/local/servicebusiness/default_user.png","""Simon our guide was great with the kids and a sharp eyed game spotter.""","",""
"https://www.google.com/maps/place/Exploring+Kenya+Safaris/data=!4m7!3m6!1s0x8adabc43011831d5:0x67cf233dcb92a08d!8m2!3d-1.2010988!4d36.7607032!16s%2Fg%2F11t2l9mmmf!19sChIJ1TEYAUO82ooRjaCSyz0jz2c?authuser=0&hl=en&rclk=1","Exploring Kenya Safaris","4.8","(44)","Tour operator","·","","·","Redhill Rd, Off Limuru Rd","Closed","· Opens 9 am Thu","·","0798 802032","https://exploringkenya.co.ke/","","Website","","Directions","https://ssl.gstatic.com/local/servicebusiness/default_user.png","""2nd to none, fantastic and the best around
A worthy money exploration""","",""
"https://www.google.com/maps/place/Kids+Electric+Cars,+Kids+Ride+On+Electric+Cars+Nairobi+Kenya/data=!4m7!3m6!1s0x182f11e0ed880369:0xe3b656ba359681db!8m2!3d-1.2827884!4d36.8160865!16s%2Fg%2F11sqj3xdn8!19sChIJaQOI7eARLxgR24GWNbpWtuM?authuser=0&hl=en&rclk=1","Kids Electric Cars, Kids Ride On Electric Cars Nairobi Kenya","5.0","(68)","Toy store","·","","·","View Park towers 13th floor on utalii street","Open 24 hours","","·","0713 973939","https://www.kidselectriccars.co.ke/","","Website","","Directions","https://ssl.gstatic.com/local/servicebusiness/default_user.png","""These rides have offered","fun","experience without compromising my kids safety."""
"https://www.google.com/maps/place/Motherland+Adventures+Kenya/data=!4m7!3m6!1s0x182f11f4cfc26e15:0x14662e2be6c75acb!8m2!3d-1.2848881!4d36.8244811!16s%2Fg%2F11rhx_v78y!19sChIJFW7Cz_QRLxgRy1rH5isuZhQ?authuser=0&hl=en&rclk=1","Motherland Adventures Kenya","5.0","(106)","Travel agency","·","","Mama Ngina","","Closed","· Opens 8 am Thu","·","0714 323939","https://www.motherland.ke/","","Website","","Directions","https://ssl.gstatic.com/local/servicebusiness/default_user.png","""I felt safe, had a blast and don’t feel like I missed out on anything.""","",""
"https://www.google.com/maps/place/Back+of+Africa+Adventure+%28Kenya+%26+Tanzania+Safari+Tours+Provider%29/data=!4m7!3m6!1s0x182f115e279bba35:0xa9ff023a2d90372c!8m2!3d-1.2842182!4d36.8244418!16s%2Fg%2F11flc1067s!19sChIJNbqbJ14RLxgRLDeQLToC_6k?authuser=0&hl=en&rclk=1","Back of Africa Adventure (Kenya & Tanzania Safari Tours Provider)","4.8","(28)","Tour operator","·","","Sonalux House 3rd flr, Moi Avenue street","","Closed","· Opens 8 am Thu","·","0722 570722","http://backofafricaadventure.com/","","Website","","Directions","https://ssl.gstatic.com/local/servicebusiness/default_user.png","""Sarova Mara Game Camp was our absolute favorite.""","",""
"https://www.google.com/maps/place/Strikez+Bowling/data=!4m7!3m6!1s0x182f17361287ad41:0xb6b8dd9270397b4c!8m2!3d-1.2570461!4d36.8033013!16s%2Fg%2F11lrlp8wj6!19sChIJQa2HEjYXLxgRTHs5cJLduLY?authuser=0&hl=en&rclk=1","Strikez Bowling","4.6","(420)","Bowling alley","·","","·","Mwanzi Rd","Open","· Closes 12 am","·","0768 517236","https://strikez.co.ke/","","Website","","Directions","https://ssl.gstatic.com/local/servicebusiness/default_user.png","""🎳","Game","s: You can play bowling, billard, air hockey and table football ⚽️."""
"https://www.google.com/maps/place/Usaid+kenya/data=!4m7!3m6!1s0x182f174668c03ca3:0x383c2d56382822a5!8m2!3d-1.2281414!4d36.8054123!16s%2Fg%2F11h_0vw_6y!19sChIJozzAaEYXLxgRpSIoOFYtPDg?authuser=0&hl=en&rclk=1","Usaid kenya","4.6","(21)","Amusement center","·","","·","Village Market,Limuru Rd,Parklands/Highridge","Closed","· Opens 9 am Thu","·","020 7123203","http://www.usaid.gov/kenya","","Website","","Directions","","","",""
"https://www.google.com/maps/place/Camp+Blue+Sky/data=!4m7!3m6!1s0x182f171b9fbcf52f:0xcc29bb3d25a42fec!8m2!3d-1.258389!4d36.818398!16s%2Fg%2F11cn5fv9ck!19sChIJL_W8nxsXLxgR7C-kJT27Kcw?authuser=0&hl=en&rclk=1","Camp Blue Sky","4.2","(12)","Campground","·","","·","Diamond Plaza, Parklands/Highridge Masari Rd Old Tower","","","","020 2309855","http://www.blueskykenya.org/","","Website","","Directions","https://ssl.gstatic.com/local/servicebusiness/default_user.png","""CAMP BLUE SKY( ADVENTURE IS CALLING""","",""
"https://www.google.com/maps/place/Eco+World+Safaris/data=!4m7!3m6!1s0x182f11aac621614f:0x21cac1c10e76689!8m2!3d-1.2853595!4d36.8235279!16s%2Fg%2F11sprvlsgt!19sChIJT2EhxqoRLxgRiWbnEBysHAI?authuser=0&hl=en&rclk=1","Eco World Safaris","5.0","(30)","Tour operator","·","","·","Mama Ngina St","Closed","· Opens 8 am Thu","·","0722 352124","http://www.safaris.world/","","Website","","Directions","https://ssl.gstatic.com/local/servicebusiness/default_user.png","""I had the best life experience with eco world safaris.""","",""
"https://www.google.com/maps/place/Hikemaniak+-+Hiking,+Rock+Climbing,+Trekking+%26+Safaris+in+Kenya/data=!4m7!3m6!1s0x182f036c0d7a17eb:0x20cd4985f0caf9d7!8m2!3d-1.2814179!4d36.7681666!16s%2Fg%2F11g23dtpk1!19sChIJ6xd6DWwDLxgR1_nK8IVJzSA?authuser=0&hl=en&rclk=1","Hikemaniak - Hiking, Rock Climbing, Trekking & Safaris in Kenya","4.9","(78)","Travel agency","·","","James Gichuru Road Ikigai Lavington 90 JGO , 2nd Floor Nairobi KE","Closed","· Opens 6 am Thu","","","","https://msha.ke/hikemaniak","","Website","","Directions","https://ssl.gstatic.com/local/servicebusiness/default_user.png","""The changing scenery made each step feel like a new adventure.""","",""
"","","","","","","","","","","","","","","","","","","","","",""