"hfpxzc href","qBF1Pd","MW4etd","UY7F9","W4Efsd","W4Efsd 2","doJOZc","W4Efsd 3","W4Efsd 4","W4Efsd 5","W4Efsd 6","FQ2IWe src","Jn12ke src","ah5Ghc"
"","","","","","","","","","","","","",""
"","","","","","","","","","","","","",""
"https://www.google.com/maps/place/Mwea+National+Reserve/data=!4m7!3m6!1s0x182612a555555555:0x64d9f191f532daac!8m2!3d-0.8233975!4d37.6173695!16s%2Fm%2F0tkjs6t!19sChIJVVVVVaUSJhgRrNoy9ZHx2WQ?authuser=0&hl=en&rclk=1","Mwea National Reserve","4.3","(168)","National reserve","·","","·","5JG8+JWX","Closed","· Opens 6 am Thu","https://lh3.googleusercontent.com/gps-cs-s/AHVAwer_iQQMDYMtRQnrS7vu9WqZXDW3Io7KV9uwEKdfdGG7hNE-tn8DERa7EsCJbBROSt-rKOzRuFLmis2_J0BUU-085R1HIQNXGFo1e8RPs7di2sVRvF4DZTG_2FUGigch328j4_I=w122-h92-k-no","https://ssl.gstatic.com/local/servicebusiness/default_user.png","""Beautiful birding."""
"https://www.google.com/maps/place/Ngong+Hills+Forest+Reserve/data=!4m7!3m6!1s0x182f0221533c8e25:0xb20947eeee2fefc9!8m2!3d-1.4152555!4d36.6417777!16s%2Fg%2F1tm9dk6f!19sChIJJY48UyECLxgRye8v7u5HCbI?authuser=0&hl=en&rclk=1","Ngong Hills Forest Reserve","4.5","(3,726)","Nature preserve","·","","HJMR+VPR","","","","https://lh3.googleusercontent.com/gps-cs-s/AHVAwerzaeta6Fw-fTjp_nSRnVMe67xQbUx5eGR8RdURrsFoTg0T3rTDIXLEzPY2AwdGPD_5hGsdZsEYU-YZvP-0plFeos-HNabU1bGSKFdmozxmy3PkT5cdx3oSe7lrATHRkkPi_sxy=w138-h92-k-no","https://ssl.gstatic.com/local/servicebusiness/default_user.png","""Remember to get there early to get the full experience."""
"https://www.google.com/maps/place/Nairobi+National+Park/data=!4m7!3m6!1s0x182f0fbbde36bc45:0x6f9671d1966870ec!8m2!3d-1.3824923!4d36.86102!16zL20vMDQ1d3pi!19sChIJRbw23rsPLxgR7HBoltFxlm8?authuser=0&hl=en&rclk=1","Nairobi National Park","4.5","(11,241)","National park","·","","Safaris amid lions, leopards & giraffes","","Closed","· Opens 6 am Thu","https://lh3.googleusercontent.com/gps-cs-s/AHVAwersOn65Q3YNWyfxBbJ0OGD4nOCWSIH1FJa9oc6NFakzoeA3BzyulBO_cSJBoxL3IurbQ3Wm0gkinMOJfgLSY0ZUW7ZbE-QM4tLnGrcVGDWPf5hjw7qvfK8EZcDVv8_43TpYTw=w122-h92-k-no","https://ssl.gstatic.com/local/servicebusiness/default_user.png","""Amazing wildlife experience right next to the city!"""
"https://www.google.com/maps/place/Shimba+Hills+National+Reserve/data=!4m7!3m6!1s0x1840596aaaaaaaab:0xb69766f534ae88d1!8m2!3d-4.2572222!4d39.3855891!16zL20vMDQ1d3J2!19sChIJq6qqqmpZQBgR0YiuNPVml7Y?authuser=0&hl=en&rclk=1","Shimba Hills National Reserve","4.2","(1,018)","National park","·","","·","Kasemeni sinango rd Shimba Hills National Reserve","Closed","· Opens 6 am Thu","https://lh3.googleusercontent.com/gps-cs-s/AHVAwerFy1So-zmhdsbFhlf9SbbIvjmxfDVfq_DmjF9vID_vd_1XOQqkxliA_5xfbWOjBoLH3DlmmvC4Da4q1_ovDqZE8UWlIz8AJGD5QTZ9xhM_0_TJWByiZHp-nZ8jlGcz-osWbbhJvQ=w122-h92-k-no","https://ssl.gstatic.com/local/servicebusiness/default_user.png","""This place is awesome, let's visit our own"
"https://www.google.com/maps/place/Buffalo+Springs+National+Reserve/data=!4m7!3m6!1s0x17888b7d621cc3d7:0x996e4a191bb2e4cb!8m2!3d0.5254726!4d37.5914289!16s%2Fm%2F0h958z1!19sChIJ18McYn2LiBcRy-SyGxlKbpk?authuser=0&hl=en&rclk=1","Buffalo Springs National Reserve","4.5","(756)","National reserve","·","","Scenic reserve for safari wildlife views","","Closed","· Opens 9 am Thu","https://lh3.googleusercontent.com/gps-cs-s/AHVAwerLUFdl04lgbx7QJKDm2pOHJppZj8NtRxhSmLr4ncCr9Jd-TJra0JxkOC4uG1YNwm6F7O9UtpUDFy9T7FZlztj80VSTSJ6qzWdq5kC1quG8WaUbM1XrxbD12RMk-KmVQtr_PFMP=w163-h92-k-no","https://ssl.gstatic.com/local/servicebusiness/default_user.png","""Buffalo springs National"
"https://www.google.com/maps/place/Aberdare+National+Park/data=!4m7!3m6!1s0x18285dfed09e0ebf:0xaa26adee44d5741e!8m2!3d-0.4516754!4d36.7388474!16zL20vMDdxMmJ3!19sChIJvw6e0P5dKBgRHnTVRO6tJqo?authuser=0&hl=en&rclk=1","Aberdare National Park","4.4","(5,108)","National park","·","","National park with trails & game viewing","","Closed","· Opens 6 am Thu","https://lh3.googleusercontent.com/gps-cs-s/AHVAwerkAeD6FkoOcGNz1JYzXTataL2FShU0W2ML6zhRfDGkE1NnFeWHzLGqxmRCDLhZM2ypi8-p_or-fwc-ZlS0lxsMSOlQxGAGgGm4XPesAmRRFXqngXVp0YwPiA6B2Xx91QhUwWx9=w122-h92-k-no","https://ssl.gstatic.com/local/servicebusiness/default_user.png","""Most amazing get to see wild animals"""
"https://www.google.com/maps/place/Meru+National+Park/data=!4m7!3m6!1s0x1789e6aaaaaaaaab:0x30edf95c3e17e8c5!8m2!3d0.1646262!4d38.1952579!16zL20vMDY5MG1o!19sChIJq6qqqqrmiRcRxegXPlz57TA?authuser=0&hl=en&rclk=1","Meru National Park","4.3","(645)","Park","·","","Camping & wildlife at a scenic reserve","","Closed","· Opens 9 am Thu","https://lh3.googleusercontent.com/gps-cs-s/AHVAweqARB9xndcLWz8JmQDQR3NMfmSXFiS7Qx_uCuTFkWNXoCIbk3OZ6u6a3K01IpBMrnFKnTPFLI0Nc8Cudu-Yse37ZYQIq9oo2G7HZAuV_pkQj43npsvAo-HfBolS406g9rK6_WKE=w122-h92-k-no","https://ssl.gstatic.com/local/servicebusiness/default_user.png","""Purely natural with great sightings"""
"https://www.google.com/maps/place/Ngong+Road+Forest+Sanctuary/data=!4m7!3m6!1s0x182f1afbd2655633:0x68c0ef8294d2dc9e!8m2!3d-1.3090279!4d36.7491506!16s%2Fg%2F11g88dn25_!19sChIJM1Zl0vsaLxgRntzSlILvwGg?authuser=0&hl=en&rclk=1","Ngong Road Forest Sanctuary","4.4","(5,909)","Park","·","","·","forest, Ngong Rd","Closed","· Opens 6 am Thu","https://lh3.googleusercontent.com/gps-cs-s/AHVAwerquL9_y1crjoYKg8qIbqeGS5O7Xsis7MtqI2sE7F6_oZB4LdPgU7L4kJqplEx58njsxbDe3x9n_ZAZYU_SIPZ36XSti0wdb5JLccMkGYaY8Ov9XJ3hicibRdt8ycnVn4BOAynM=w80-h106-k-no","https://ssl.gstatic.com/local/servicebusiness/default_user.png","""Nature Trail for lovers of sustainable environment"""
"https://www.google.com/maps/place/Rimpa+Estates+Wildlife+Conservancy/data=!4m7!3m6!1s0x182f0705f734f251:0xf5500b5946c5892b!8m2!3d-1.4281042!4d36.721117!16s%2Fg%2F1tg_0fyd!19sChIJUfI09wUHLxgRK4nFRlkLUPU?authuser=0&hl=en&rclk=1","Rimpa Estates Wildlife Conservancy","4.3","(243)","Nature preserve","·","","Kajiado","","Closed","· Opens 9 am Thu","https://lh3.googleusercontent.com/gps-cs-s/AHVAwepfgxeKchKXO3JBNzOkCk7tuASQrmO52sXid7vVZzvxtZXTugEpfaUbjWYN47XsvuhqdiLzQ1iRv_4hjCaFndZxleSouXJGxCi-cPqCyyHzslKcW6ZGA3-jjbPxcK6maYtVEP0lsw=w122-h92-k-no","https://ssl.gstatic.com/local/servicebusiness/default_user.png","""Authentic wild picnic experience."""
"https://www.google.com/maps/place/Shaba+National+Reserve/data=!4m7!3m6!1s0x1788e5801388a1a7:0xd4fe0ba2c88b7e86!8m2!3d0.6400635!4d37.8300034!16s%2Fm%2F0h97rw2!19sChIJp6GIE4DliBcRhn6LyKIL_tQ?authuser=0&hl=en&rclk=1","Shaba National Reserve","4.4","(338)","Nature preserve","·","","Well-known nature preserve with wildlife","","","","https://lh3.googleusercontent.com/gps-cs-s/AHVAwepsHHTtp7jaFF_7DyT24BFn1L9uRmLOVpIojQ3P4PZFiE-ljA_Vv41TsElU4cMBXgBQ0HVSpzhrLOgG02nf6cq_MrYlu_hVbG8bQRJp4Ayw9pg2jGbeesQ6avvs2WaJDwZUXPE=w122-h92-k-no","https://ssl.gstatic.com/local/servicebusiness/default_user.png","""Scenic, perfect for revitalising, beautiful trails and wildlife."""
"https://www.google.com/maps/place/Hells+Gate+National+Park/data=!4m7!3m6!1s0x18294a01b3120caf:0xa1258436f698fc5d!8m2!3d-0.87579!4d36.3173817!16zL20vMDk5Xzd6!19sChIJrwwSswFKKRgRXfyY9jaEJaE?authuser=0&hl=en&rclk=1","Hells Gate National Park","4.5","(4,002)","National park","·","","Savannah ecosystem with rock climbing","","Closed","· Opens 6 am Thu","https://lh3.googleusercontent.com/gps-cs-s/AHVAweo3fbbFxae1t_biMIsh-xnn9uuHbogzl0EUm4U7RHqq_VgUC_GcXTMEqfHD89sFxlto_5giwEAxpKkVCpx8Yfk3fv6EfBEF54cbKZHy3a0HBGEsctmnTHuq_M2KFwi55ZrmhWbhnA=w138-h92-k-no","https://ssl.gstatic.com/local/servicebusiness/default_user.png","""Its naturalness and wildlife is conserved."""
"https://www.google.com/maps/place/Nairobi+Safari+Walk/data=!4m7!3m6!1s0x182f1aa8d78adf03:0x690abeb8fd6038f7!8m2!3d-1.3366924!4d36.7776721!16s%2Fg%2F1wt6gk73!19sChIJA9-K16gaLxgR9zhg_bi-Cmk?authuser=0&hl=en&rclk=1","Nairobi Safari Walk","4.4","(6,172)","Tourist attraction","·","","·","MQ7H+83F, Langata Rd","Closed","· Opens 8:30 am Thu","https://lh3.googleusercontent.com/gps-cs-s/AHVAwepAPhN3FJsKui6QlipvrBhkCcOk9lTFcuhtEdhVX6FpbFGQO1oelxX41GZDJ9jH4wURLqxTQ7xigXCIsrcB-CSxqwuUOVwNmSMxiP_1cIxur8MwCPdNhB4mokrhFBZstnrSo9eL=w163-h92-k-no","https://ssl.gstatic.com/local/servicebusiness/default_user.png","""Completely worth visiting, the nature trails fresh air and the animals"""
"https://www.google.com/maps/place/Maasai+Mara+National+Reserve/data=!4m7!3m6!1s0x182ce8a64a31fdb1:0x296a9587e0c3c410!8m2!3d-1.4821324!4d35.1299896!16s%2Fg%2F11fz7rpkyr!19sChIJsf0xSqboLBgREMTD4IeVaik?authuser=0&hl=en&rclk=1","Maasai Mara National Reserve","4.7","(3,383)","National reserve","·","","Well-known grassland for safaris","","","","https://lh3.googleusercontent.com/gps-cs-s/AHVAweoVytVb8ImeJ8PHlsaKroCYwoJxlNeXOgVZKbY-Hd5bR2VAqcQxlXNPwyvhfTJRxJxFCX0wjpBccMeErrOWrMIHsOVCOLDgknjpSN8OKFldfviWQSTmxcUEA6f49h4_bN4vWZc=w138-h92-k-no","https://ssl.gstatic.com/local/servicebusiness/default_user.png","""Beautiful and untouched flora and fauna."""
"https://www.google.com/maps/place/Mount+Longonot+National+Park/data=!4m7!3m6!1s0x18292d86b319c667:0xdb4c7c003c47b241!8m2!3d-0.9161123!4d36.4459276!16s%2Fg%2F1231fwyd!19sChIJZ8YZs4YtKRgRQbJHPAB8TNs?authuser=0&hl=en&rclk=1","Mount Longonot National Park","4.6","(2,128)","National park","·","","·","Mount Longonot National park","","","https://lh3.googleusercontent.com/gps-cs-s/AHVAweot4FTrODodOnbn4tHUcYM2lIjMIbRA33bxcG6J41n8MAlKT3fvo3zhtZ6-n3qAQuBtDmFD7YfKw2ZvzricNnHcHJbYGsVHtdrsVVpSgf-UC9DC4HyMvmWu4P0qb428PXgu9c0=w137-h92-k-no","https://ssl.gstatic.com/local/servicebusiness/default_user.png","""Lots of interesting flora and fauna, and so many butterflies!"""
"https://www.google.com/maps/place/Safari+Park+Gardens+Estate/data=!4m7!3m6!1s0x182f3e1a45e48739:0xc1a4d4efabfbe10d!8m2!3d-1.2120626!4d36.8834896!16s%2Fg%2F11c1ly9ftp!19sChIJOYfkRRo-LxgRDeH7q-_UpME?authuser=0&hl=en&rclk=1","Safari Park Gardens Estate","4.5","(189)","Housing complex","·","","·","QVQM+59H","","","https://lh3.googleusercontent.com/gps-cs-s/AHVAweqVu_0HnoYIKqTXBOL08jKcqtJBesyRqg4xpUXYqV3cs4jpSrWWU-dmzXGFdl1r2KrpONMA_5DGBW4b1wU2wh_p7YQq47VAkrUsIZf7Z-5nIV7utI8-vLKPa1Tp5ahjbWKIuRLhcA=w122-h92-k-no","https://ssl.gstatic.com/local/servicebusiness/default_user.png","""The best estate"""
"https://www.google.com/maps/place/Mara+Triangle/data=!4m7!3m6!1s0x182ce65f51e93cfb:0x38c649d3eed7927e!8m2!3d-1.4079513!4d34.9040137!16s%2Fm%2F05zry8n!19sChIJ-zzpUV_mLBgRfpLX7tNJxjg?authuser=0&hl=en&rclk=1","Mara Triangle","4.7","(1,987)","National reserve","Remote safari area in Maasai Mara","","","","Closed","· Opens 6 am Thu","https://lh3.googleusercontent.com/gps-cs-s/AHVAweppAGTsFClr_tEt0jA01GHZclDhGsUBlAof4JB7wVddClEgUNZ5NrYj1BjDbtTctUWRpFFamWgDUMPaexZCLq6dsMidwV1NwahUASkQA1-hCuIcFQ5K_jcdIdqwywfSgN_6rg=w80-h106-k-no","https://ssl.gstatic.com/local/servicebusiness/default_user.png","""Wildlife at its best and wildest."""
"https://www.google.com/maps/place/Amboseli+National+Park/data=!4m7!3m6!1s0x18309e7455555555:0x8405eed269adf949!8m2!3d-2.6382407!4d37.2284844!16zL20vMDN6eTNm!19sChIJVVVVVXSeMBgRSfmtadLuBYQ?authuser=0&hl=en&rclk=1","Amboseli National Park","4.7","(5,268)","National park","·","","Nature preserve for wildlife viewing","","Closed","· Opens 6 am Thu","https://lh3.googleusercontent.com/gps-cs-s/AHVAwepv9iefte-tNnVWA7MvI58vMKqkbw5yldiE5UPg8Jwd4iGePm_yoXcWnzFTtjld_a91zlM30bMyVo-gAsnZa0SB8Re1ONOm-MLqpteWtSFk1_OdEJdTuHWMBfVK-NDERN3XWlR5=w122-h92-k-no","https://ssl.gstatic.com/local/servicebusiness/default_user.png","""This was our first stop of three"
"https://www.google.com/maps/place/Nasolot+National+Reserve/data=!4m7!3m6!1s0x17833b3ffeeb300d:0x1f1b12333c4bf93e!8m2!3d1.7975334!4d35.3685679!16s%2Fg%2F11j0wf_flj!19sChIJDTDr_j87gxcRPvlLPDMSGx8?authuser=0&hl=en&rclk=1","Nasolot National Reserve","4.6","(7)","National reserve","·","","NASOLOT NATIONAL RESERVE","","Closed","· Opens 6 am Thu","https://lh3.googleusercontent.com/gps-cs-s/AHVAwepnqGQAjPXyvank4xnN6J6IEmJYb5lTkecE7i9gRCgpf1jAP3dO9T7_IdQkI8em1BympUtwnJIZLGMQysgiaLe5n4yz_M82hYRAslX-TUJMgnJ0JaUEx5L_qvJjG_K0cJEYHzmG=w89-h92-k-no","",""
"https://www.google.com/maps/place/Malka+Mari+National+Park/data=!4m7!3m6!1s0x17c1afc10ea441bb:0x62f9505e0cb281e1!8m2!3d4.2307559!4d40.7737584!16s%2Fm%2F012vtrrq!19sChIJu0GkDsGvwRcR4YGyDF5Q-WI?authuser=0&hl=en&rclk=1","Malka Mari National Park","5.0","(5)","Nature preserve","·","","·","6QJF+8G2","","","https://lh3.googleusercontent.com/gps-cs-s/AHVAweqHdHXvtDgc-kdC5OvYXHlxwdg-BEbX-D6x9JQez7G_4c0dzXisKfbin54Ac58KoxC91wwhQ3fChXc7ATyl5DWOyW2DfFtlg7jTUpw1P-w89_DMwJat0-69vVEKp_SsHl-pLp34=w155-h92-k-no","https://ssl.gstatic.com/local/servicebusiness/default_user.png","""The best place but no water during dry season"""
"https://www.google.com/maps/place/Samburu+National+Reserve/data=!4m7!3m6!1s0x17888d933c6f7369:0xa2e2dc34ae133bde!8m2!3d0.6110771!4d37.5375057!16zL20vMDN6eTV5!19sChIJaXNvPJONiBcR3jsTrjTc4qI?authuser=0&hl=en&rclk=1","Samburu National Reserve","4.6","(819)","National reserve","·","","Conservation area teeming with wildlife","","","","https://lh3.googleusercontent.com/gps-cs-s/AHVAweo0T4etbgRGo4e_8m1XSTIUykWIsZpJBRxncXNcKtCiHHYeJFS_wYEY3j3vqKHPGW-MDwfe_sn1tesvgOAo-xfQ5wbIHR-__kE18kPZ6p6l8lh5kC8nb5_1NB1ErPGImJO34phYVg=w163-h92-k-no","https://ssl.gstatic.com/local/servicebusiness/default_user.png","""Unique wildlife and dramatic landscapes"""
"https://www.google.com/maps/place/Crescent+Island+Game+Sanctuary/data=!4m7!3m6!1s0x18293cfbce9ef487:0x7b11e9ec017dde7b!8m2!3d-0.7742366!4d36.4036107!16s%2Fg%2F1hc4v9x55!19sChIJh_Sezvs8KRgRe959AezpEXs?authuser=0&hl=en&rclk=1","Crescent Island Game Sanctuary","4.6","(411)","Nature preserve","·","","Crescent Island","Giraffes, hippos & safaris on foot","Closed","· Opens 8:30 am Thu","https://lh3.googleusercontent.com/gps-cs-s/AHVAweocip-beUnRqCwSkICoKOWmXrzdVZW7hJQWoF8t_l1YoUcEGyix-5QZ6-PmD4P3QqAnxxTirMrJSZDi4ZmAJbO14R2vMpSWaNBkbx84mTMeS93oyoQCclhnZnsiTN0N709LTPDJBA=w122-h92-k-no","https://ssl.gstatic.com/local/servicebusiness/default_user.png","""Lots of birds and cool animals to observe"""
"https://www.google.com/maps/place/Lake+Nakuru+National+Park/data=!4m7!3m6!1s0x18299ad44c2b87a1:0x8ad29aeb6bc48e31!8m2!3d-0.4035304!4d36.0961663!16s%2Fg%2F121qfs73!19sChIJoYcrTNSaKRgRMY7Ea-ua0oo?authuser=0&hl=en&rclk=1","Lake Nakuru National Park","4.4","(5,642)","National park","·","","National park with soda lake & wildlife","","","","https://lh3.googleusercontent.com/gps-cs-s/AHVAweqJI8r5e69Yf7QSxFc8MV7Vi2fduE2w4JnVweaKx6Dx0oUACRPxJ6ka-I6AGJHdC1eQ6aNHhA8kqQyKgDpzZ0_GUGPbVTfJeHYYhlaDJOxaCAm64dVBZsm0cu-O87VMkNsjB6FB=w122-h92-k-no","https://ssl.gstatic.com/local/servicebusiness/default_user.png","""Experience your wild life.enjoy and relax in most unusual wild scenes"""
"https://www.google.com/maps/place/Kakamega+Forest/data=!4m7!3m6!1s0x1780404000000001:0xcb4f17091515c351!8m2!3d0.29134!4d34.856474!16zL20vMDZzZDB2!19sChIJAQAAAEBAgBcRUcMVFQkXT8s?authuser=0&hl=en&rclk=1","Kakamega Forest","4.4","(717)","National reserve","·","","Wildlife tours in ancient rainforest","","Closed","· Opens 9 am Thu","https://lh3.googleusercontent.com/gps-cs-s/AHVAweoEIkHBl9Jp5jS2FYeMKUY1Dsp_AY1P4wHDvwsZkJaCPw4GoyV5Rd5VYVmeLFbKveXb5GLIl3t5ls0czk43DtE6ot4OpPyKwK2KOcUXXk-bxg8_CJ5A_i0uGKLfHUFFlZDJHNea=w122-h92-k-no","https://ssl.gstatic.com/local/servicebusiness/default_user.png","""We walked for 5 hours, saw butterflies, birds, monkeys."""
"https://www.google.com/maps/place/Mount+Kenya+National+Park/data=!4m7!3m6!1s0x1827e15555555555:0xc947a256df18ed98!8m2!3d-0.15!4d37.3166667!16zL20vMDZqY24w!19sChIJVVVVVVXhJxgRmO0Y31aiR8k?authuser=0&hl=en&rclk=1","Mount Kenya National Park","4.4","(5,881)","National park","·","","Major mountain, elephants & campsites","","Closed","· Opens 6 am Thu","https://lh3.googleusercontent.com/gps-cs-s/AHVAwerXQi1sS_IuZOTvOPMibVclO4Zp2LDFKk_92iSv4E9MV1JMt_D5SqNEbVTgSDi2scEjXp_3auQYt2hUHiS-rdRJH0xKqprSG3anwxHnFWMNQeGz8QU5oRPB9pvGK9aQkNoGr559zQ=w122-h92-k-no","https://ssl.gstatic.com/local/servicebusiness/default_user.png","""Full of beautiful sceneries and wild animals"""
"https://www.google.com/maps/place/Oserengoni+Wildlife+Sanctuary/data=!4m7!3m6!1s0x182947f798958731:0x26e496f05569cac8!8m2!3d-0.8309385!4d36.2464507!16s%2Fg%2F11j5cflwz1!19sChIJMYeVmPdHKRgRyMppVfCW5CY?authuser=0&hl=en&rclk=1","Oserengoni Wildlife Sanctuary","4.2","(22)","Nature preserve","·","","Moi South Lake Rd","","Closes soon","· 9 pm · Opens 6 am Thu","https://lh3.googleusercontent.com/gps-cs-s/AHVAweqZrf8xBqNL6264B3BHLfS4b-9ZKin5lkxir6TQupK6D9U2f8OhXIyu8sL1orV1OTk1wXSrUfJ4Sacv1bo17T6A5s78bZ4zmqDWY3_OUKi6SEXLVPI8JqqamsfnDCeIcU689Zs2=w137-h92-k-no","https://ssl.gstatic.com/local/servicebusiness/default_user.png","""I have to leave a review, for Chui lodge, the team and the sanctuary."""
"https://www.google.com/maps/place/Amboseli+Game+Reserve/data=!4m7!3m6!1s0x18308a511039ca4d:0x7b6643559ce2d007!8m2!3d-2.5013116!4d37.0043945!16s%2Fg%2F11h7j3_041!19sChIJTco5EFGKMBgRB9DinFVDZns?authuser=0&hl=en&rclk=1","Amboseli Game Reserve","5.0","(3)","Nature preserve","·","","F2X3+FQC","","","","https://lh3.googleusercontent.com/gps-cs-s/AHVAwerwdVqI_EJkMe8SK1Co4L9Ls2xvcTEHRsedfvHE9HYCSlcUXeGOdLOXtaIH9gYPsexpbGdXdsNNHfxAvRc_dD05KFJPEVk3Q1eZTe0qUDyf97NlB__hKhU02DlcTKWnZNRZxxfl=w122-h92-k-no","https://ssl.gstatic.com/local/servicebusiness/default_user.png","""#zurunakws
Game parks and"
"https://www.google.com/maps/place/Kora+National+Park/data=!4m7!3m6!1s0x1820c93ec766eba5:0x2ea14822384d329f!8m2!3d-0.2001123!4d38.7169068!16zL20vMGc1ODNr!19sChIJpetmxz7JIBgRnzJNOCJIoS4?authuser=0&hl=en&rclk=1","Kora National Park","3.9","(73)","National park","·","","","","Closed","· Opens 6 am Thu","https://lh3.googleusercontent.com/gps-cs-s/AHVAweoKJtxaetptODqfVZulHGlgiv06Uto49Y2AFLz0DFEjABreb2VrOq6vRLkjyOPpOQLugNXeTo4y3dIJyIUsTeBR6HX5ancxLxt-Y33olL5G8kIMGD6MLU5cWgjuJBS9EOs5a4Gz=w122-h92-k-no","https://ssl.gstatic.com/local/servicebusiness/default_user.png","""For those who love outdoor, try here..."""
"https://www.google.com/maps/place/Tsavo+East+National+Park/data=!4m7!3m6!1s0x183c09376267a721:0x4b11adb0d990b7b8!8m2!3d-2.7848019!4d38.8173558!16zL20vMDNoM2Ru!19sChIJIadnYjcJPBgRuLeQ2bCtEUs?authuser=0&hl=en&rclk=1","Tsavo East National Park","4.5","(6,341)","National park","·","","Sprawling wildlife reserve since 1948","","Closed","· Opens 6 am Thu","https://lh3.googleusercontent.com/gps-cs-s/AHVAweqcwlegqHscRXfjHw5B4lr-URYLsAQ4VuOFv7cfjgxhKGMHb82gk2JaLZXddhZ6Nuy41QbZVuAEuu8gO-FHvH57fcmJPxoR2z8rtq0P3GU1XJ_IDSCoxHozB7lVydpTdccQra5d=w122-h92-k-no","https://ssl.gstatic.com/local/servicebusiness/default_user.png","""Wild, natural and vast."""
"https://www.google.com/maps/place/Mwingi+National+Reserve,+Kenya/data=!4m7!3m6!1s0x182716aaaaaaaaab:0x84547469c3848311!8m2!3d-0.338696!4d38.2637477!16s%2Fg%2F11cs017y2c!19sChIJq6qqqqoWJxgREYOEw2l0VIQ?authuser=0&hl=en&rclk=1","Mwingi National Reserve, Kenya","3.7","(3)","National reserve","·","","Mwingi National Reserve","","Closed","· Opens 6 am Thu","https://lh3.googleusercontent.com/gps-cs-s/AHVAweokmlOXhuVWg3b06ioaOLPJDRIKF-bvTC9AF29QhUDdWNDpNSEa0YylDyAT48au_zPZCkZEzh2U0DGZ67tnzueF6siWPkBmVTjN39KSGKPck6oF2Zs84xwqnYRnhsCj7LdyOE3e3w=w189-h92-k-no","",""
"https://www.google.com/maps/place/Tana+River+Primate+National+Reserve/data=!4m7!3m6!1s0x1817f96f123d3253:0x929dfc0fd092f536!8m2!3d-1.934643!4d40.134925!16s%2Fm%2F03wj3x0!19sChIJUzI9Em_5FxgRNvWS0A_8nZI?authuser=0&hl=en&rclk=1","Tana River Primate National Reserve","4.1","(11)","Tourist attraction","","","","","Closed","· Opens 9 am Thu","https://lh3.googleusercontent.com/gps-cs-s/AHVAwerJ-WK59oCerD__Hu_S-vtZRZASYzFVj-bKc1hiHYZcX45stfeDTAre3S2ggncjuob2-W_QnPiD56h7NhPrE5GftyfTtjVYQotfejBc7KsDEt8rd_DEe33z0NWPNIEQmcn0RKPW=w148-h92-k-no","https://ssl.gstatic.com/local/servicebusiness/default_user.png","""Very nice place with really cool breeze and really cool scenery"""
"https://www.google.com/maps/place/Wajee+Nature+Park/data=!4m7!3m6!1s0x18288f820f4f9133:0xd6d067b745636ce4!8m2!3d-0.575217!4d37.0823625!16s%2Fm%2F03cq989!19sChIJM5FPD4KPKBgR5GxjRbdn0NY?authuser=0&hl=en&rclk=1","Wajee Nature Park","4.1","(140)","Park","·","","·","C3GM+F34, Mukurweini Mihuti Gakonya Rd","Open 24 hours","","https://lh3.googleusercontent.com/gps-cs-s/AHVAwep6U69_5W1cJdhNluAi4B-huSsoPKSRC67v1GpzZ6yg9uEhr4ijHsQLJ5ldXST5nmoHYoMHkEQsYaXEQliFFUcHODqx68h8UM7oS1AtKHu9FBM-YqkR_reb4jfXWJE7ju7waq20=w199-h92-k-no","https://ssl.gstatic.com/local/servicebusiness/default_user.png","""Nature at its best!"""
"https://www.google.com/maps/place/Ol+Pejeta+Conservancy/data=!4m7!3m6!1s0x18281f4c71f20d5d:0x1bff1d15ccf6a80d!8m2!3d0.022384!4d36.8584122!16s%2Fm%2F0570k8c!19sChIJXQ3ycUwfKBgRDaj2zBUd_xs?authuser=0&hl=en&rclk=1","Ol Pejeta Conservancy","4.6","(2,440)","Nature preserve","·","","·","Marura Rd","Closed","· Opens 7 am Thu","https://lh3.googleusercontent.com/gps-cs-s/AHVAweqOMdjsVPHgUFvdHp5DNe7HSc84Pcx9XVs4MZdzFMXqYWQA-F0umrv0ZDBhwWfCjkhbz7xvaHY8SXT6BDwrshs7u6O99man9C5oD0ghQMR9LgW7q32nKS8Fp3crvHPopeSHKxg_=w138-h92-k-no","https://ssl.gstatic.com/local/servicebusiness/default_user.png","""It is pricey to get in but that money is well spent!"""
"https://www.google.com/maps/place/Lewa+Wildlife+Conservancy/data=!4m7!3m6!1s0x1788129dd77cab67:0x4d3e4f6f004383f1!8m2!3d0.2147439!4d37.4414096!16s%2Fm%2F04ghfdy!19sChIJZ6t8150SiBcR8YNDAG9PPk0?authuser=0&hl=en&rclk=1","Lewa Wildlife Conservancy","4.5","(1,104)","Nature preserve","·","","Conservation area with protected species","","Closed","· Opens 9 am Thu","https://lh3.googleusercontent.com/gps-cs-s/AHVAweoTuk6eXL4hzshv7y_mDvDzy7WmYujfaKe3SNpxZvgnBvQLIs7ULF2-jw95wufp3EghkBbjk7zxcDKDaEqhGM2nXbhcf6OuTFVw4YzffJHQJtjrbIXjFA_WY6V-kMYBeXk9kYY=w122-h92-k-no","https://ssl.gstatic.com/local/servicebusiness/default_user.png","""Saw all big 5 in our 4 visit and it was a highly memorable experience."""
"https://www.google.com/maps/place/South-+Western+Mau+National+Reserve/data=!4m7!3m6!1s0x182bb3e1b9f074d3:0xa4c9f8af4fcd129c!8m2!3d-0.5515625!4d35.4781926!16s%2Fg%2F1tljnybs!19sChIJ03TwueGzKxgRnBLNT6_4yaQ?authuser=0&hl=en&rclk=1","South- Western Mau National Reserve","4.1","(435)","National park","·","","CFXH+97G","","","","https://lh3.googleusercontent.com/gps-cs-s/AHVAweqjWJQqEZjKxL5PHb37eirO17hZ_8DlmS5AY1pmXlkwRW0_tUtPWyrzM2ZJ3IlyFZ8GCJh570l0GJqbkG2P93vMLAw55X5LcOlo-gSXJl7eRmG4SSyPGjlzgxBgGttYmBh0KJXg6Q=w163-h92-k-no","https://ssl.gstatic.com/local/servicebusiness/default_user.png","""Great sceneries"""
"","","","","","","","","","","","","",""