"hfpxzc href","qBF1Pd","MW4etd","UY7F9","W4Efsd","W4Efsd 2","doJOZc","W4Efsd 3","W4Efsd 4","W4Efsd 5","W4Efsd 6","FQ2IWe src","Jn12ke src","ah5Ghc","ah5Ghc 2","ah5Ghc 3"
"","","","","","","","","","","","","","","",""
"","","","","","","","","","","","","","","",""
"https://www.google.com/maps/place/Gravity+Amusement+Park/data=!4m7!3m6!1s0x182f6b90712c56bd:0x9f9da900f1c461bb!8m2!3d-1.228824!4d36.9896057!16s%2Fg%2F11qnt2b3g1!19sChIJvVYscZBrLxgRu2HE8QCpnZ8?authuser=0&hl=en&rclk=1","Gravity Amusement Park","4.3","(539)","Amusement park","·","","·","E. Bypass","Closed","· Opens 9 AM Thu","https://lh3.googleusercontent.com/gps-cs-s/AHVAwera6C3z5fEPNKi5jcck5Z8F4CLf_jO181BXjZ2T4NEBUMqza7iFwwSh6za26E76jvq1Se8O4Biam2zqYiu1WnyQBf4BP5vqoHdCIp81t1_XPO2jXAxq_eQhU8CDOy7N3ecxz0fU1Q=w122-h92-k-no","https://ssl.gstatic.com/local/servicebusiness/default_user.png","""Kids enjoyed the merry-go-round and castle.""","",""
"https://www.google.com/maps/place/LASERLAND/data=!4m7!3m6!1s0x182f1bd8d3e28395:0x6ca577e6212057b6!8m2!3d-1.3410186!4d36.7521191!16s%2Fg%2F11nnv9jlsd!19sChIJlYPi09gbLxgRtlcgIeZ3pWw?authuser=0&hl=en&rclk=1","LASERLAND","4.6","(157)","Amusement center","·","","","","Closed","· Opens 10 AM Thu","https://lh3.googleusercontent.com/gps-cs-s/AHVAwepgB8uH5bZ2s8eoB7lb_mieAT3tgpkhIRe3PgO46vYIACBodmnT-X5h7xTP4lkypCypCz5TyZzbgb50TylFQK8I_uXaE1wsuEQmg8Zfk4HdWDAEca-ELeZysqNgnlGWk3kQY6aR=w163-h92-k-no","https://ssl.gstatic.com/local/servicebusiness/default_user.png","""A","fun","filled facility with exciting"
"https://www.google.com/maps/place/Funscapes+Two+Rivers+Theme+Park/data=!4m7!3m6!1s0x182f3dc0bf5a3d87:0xce0e27082d26f3d0!8m2!3d-1.2090689!4d36.7962022!16s%2Fg%2F11fm6jx908!19sChIJhz1av8A9LxgR0PMmLQgnDs4?authuser=0&hl=en&rclk=1","Funscapes Two Rivers Theme Park","4.5","(2,174)","Amusement park","·","","·","QQQV+CR3, Limuru Road, Northern Bypass Rd","Closed","· Opens 9 AM Thu","https://lh3.googleusercontent.com/gps-cs-s/AHVAwersEPcITdST8U1JmGbjUi-EmN5M0k-g_bzOw1ynM6Q9ipzoXcmhtiAAJJYxcUwncF7l9MrhPmk_v_BxEZWk1Xs7gvCClo13fvm3Oj4Ovf7KdoPIgjTLqf19BQsPT19Hns4ygKV3=w163-h92-k-no","https://ssl.gstatic.com/local/servicebusiness/default_user.png","""It has very exciting","activities","for both children and older persons."""
"https://www.google.com/maps/place/Maji+Magic/data=!4m7!3m6!1s0x182f1b38f6fe4ba7:0xb2ab2758181e2b8!8m2!3d-1.3291914!4d36.7158394!16s%2Fg%2F11hdngd853!19sChIJp0v-9jgbLxgRuOKBgXWyKgs?authuser=0&hl=en&rclk=1","Maji Magic","4.4","(750)","Water park","·","","·","The Waterfront Mall, Langata Rd","Closed","· Opens 9:30 AM Thu","https://lh3.googleusercontent.com/gps-cs-s/AHVAwerGZUp8uhVSvuB4NGzBKh_yherqllRfkFODjgdRKj5sAC8o8OMDwbmCOIKEauqL4TwnhHE2f5zebnoVO2TEA2FEIOloER17a0wGBx7SP8CruEXjJSf9ZrfSIN-yFRZH9duZYVwM=w163-h92-k-no","https://ssl.gstatic.com/local/servicebusiness/default_user.png","""They offer a lot of discount for the kids and free rides too.""","",""
"https://www.google.com/maps/place/Vipe+Fun+Park-Ruiru/data=!4m7!3m6!1s0x182f47c2054f0145:0xc91c126e9a535d76!8m2!3d-1.138739!4d36.9647127!16s%2Fg%2F11np3p3l91!19sChIJRQFPBcJHLxgRdl1Tmm4SHMk?authuser=0&hl=en&rclk=1","Vipe Fun Park-Ruiru","4.0","(258)","Children's amusement center","·","","·","Mugutha","Closed","· Opens 9 AM Thu","https://lh3.googleusercontent.com/gps-cs-s/AHVAweo6YUNYN71GCbOZddq_6DHL3HZ9uhvoGU9WYMVjjtzV55SslHZ_aaaotTEUak2ARz95Mi_Q8Gx9BdLWxq_weISNF-yYm5-Y3pNe75mOybJgQWgtSXT5e4SX_nt_llbdSk2kAAQ5=w122-h92-k-no","https://ssl.gstatic.com/local/servicebusiness/default_user.png","""Big swimming pool, bouncing castle, and other kids items""","",""
"https://www.google.com/maps/place/Burudani+adventure+park/data=!4m7!3m6!1s0x182f29600ed5bcb5:0xbe1060ce109570d7!8m2!3d-1.0931286!4d36.6692821!16s%2Fg%2F11q9hqm0x9!19sChIJtbzVDmApLxgR13CVEM5gEL4?authuser=0&hl=en&rclk=1","Burudani adventure park","4.6","(658)","Park","·","","","","","","https://lh3.googleusercontent.com/gps-cs-s/AHVAwepUpt8dj5C1spJ2bUvZRyIUtdCcBIDfSQ_Z4EBSb0oo6Aw8QM_UjSlRdTdLqxXBl6fPZapRfRO8vbRSNV5YS7FYxOgrm-8gWFa7fihvSXW5-jNhQB_wXHyEzeweD3NzHkYppKf5ww=w80-h120-k-no","https://ssl.gstatic.com/local/servicebusiness/default_user.png","""The kids had a blast with the treasure hunt, high ropes, and zip lining.""","",""
"https://www.google.com/maps/place/Bounce+and+Play/data=!4m7!3m6!1s0x182f17ebad659097:0x1a5406d86cf47209!8m2!3d-1.2707119!4d36.8129802!16s%2Fg%2F11v3zpn2j9!19sChIJl5BlresXLxgRCXL0bNgGVBo?authuser=0&hl=en&rclk=1","Bounce and Play","4.9","(648)","Children's amusement center","·","","·","BroadWalk Mall, 2nd Floor Ojijo Rd","Closed","· Opens 10 AM Thu","https://lh3.googleusercontent.com/gps-cs-s/AHVAwerZS9iTDgQHw57pTu8CfxbyLXXiYH8xzmdUyetHmbv-nsMxtL_5tnois49TmFFRT8sErrYv8aN0qxDDtB7ToZeWf6LMhni6QMHRWPyoSxIh-NFI_RFP3lBymyLDRL3RatS-Htrs0sffmBH5=w122-h92-k-no","https://ssl.gstatic.com/local/servicebusiness/default_user.png","""The sheer variety of","activities","kept everyone engaged and entertained."""
"https://www.google.com/maps/place/Nkasiri+Adventure+Park/data=!4m7!3m6!1s0x182fa11c6fd69923:0x9517811c8cd7a36!8m2!3d-1.5300625!4d36.8598125!16s%2Fg%2F11ql1hdjgw!19sChIJI5nWbxyhLxgRNnrNyBF4UQk?authuser=0&hl=en&rclk=1","Nkasiri Adventure Park","4.3","(729)","Amusement park","·","","·","FV95+XW, Acacia Feeder Road","Open 24 hours","","https://lh3.googleusercontent.com/gps-cs-s/AHVAwepz15Kpu-HtTp4RoLPOPR5KOveTpGDZ7MErXmRX2R7enqF__J_DA4AOgGLL2yppGsSLn6JrFqDHuI_BsZnXA8G6rXAf7nXoUOHTWuzxXvtZD3frbcPx2x-M191DzukqjLhOVcE=w122-h92-k-no","https://ssl.gstatic.com/local/servicebusiness/default_user.png","""They have","fun activities",",  friendly staff, and expansive field."""
"https://www.google.com/maps/place/Playland+Amusement+Park/data=!4m7!3m6!1s0x182f11c92f125a51:0x5efee92f3966d708!8m2!3d-1.3237716!4d36.8440371!16s%2Fg%2F11h56w3hj9!19sChIJUVoSL8kRLxgRCNdmOS_p_l4?authuser=0&hl=en&rclk=1","Playland Amusement Park","4.3","(451)","Amusement park","·","","·","Nextgen mall, Mombasa Road","Closed","· Opens 10 AM Thu","https://lh3.googleusercontent.com/gps-cs-s/AHVAwepqlB3CdK4ADyHBxRzIfOzdLphdKeYUbd38t6lU-Lni1inB_8Ymy0MUFfj2wNTqfQ7zvzNBLChB0YrOzZ-uOrB466bAirbt4E0Wwa2Zrl0wXwj2TieZIwS2fAkNVvnId0wEdznokA=w80-h106-k-no","https://ssl.gstatic.com/local/servicebusiness/default_user.png","""Virtual","games",", slides, trampolines and quick snacks 🍩  on offer..."""
"https://www.google.com/maps/place/The+Hub+Park/data=!4m7!3m6!1s0x2202d65c8c6a1dd:0x2531ce62f8ef73c5!8m2!3d-1.3198739!4d36.7040752!16s%2Fg%2F11w9057ryy!19sChIJ3aHGyGUtIAIRxXPv-GLOMSU?authuser=0&hl=en&rclk=1","The Hub Park","4.8","(921)","Amusement center","·","","·","The hub, Dagoretti Rd","Closed","· Opens 10 AM Thu","https://lh3.googleusercontent.com/gps-cs-s/AHVAweoRQTFLVfKhxqle3W_q0CeTYV-caI_3ZgbBYPCHDFcIBA3K3QSqPk89vqbJrEFL_26Qmx_pxT97E7Y1EZubV8snkHLXJBejzdhCZef3LKTyvor3ybUKg-kLAKc5J9gNdfkkv7eoEdHe5M1Z=w138-h92-k-no","https://ssl.gstatic.com/local/servicebusiness/default_user.png","""They bounced in trampoline park,obstacle courses and much more.""","",""
"https://www.google.com/maps/place/Paradise+Lost,+Kiambu/data=!4m7!3m6!1s0x182f3daaf743f58f:0x39d71e56621526e1!8m2!3d-1.1914503!4d36.8271375!16s%2Fg%2F113dpmrmn!19sChIJj_VD96o9LxgR4SYVYlYe1zk?authuser=0&hl=en&rclk=1","Paradise Lost, Kiambu","4.3","(1,248)","Picnic ground","·","","·","Kiambu road Glory road Paradise lost road","Open 24 hours","","https://lh3.googleusercontent.com/gps-cs-s/AHVAwerduvr03CeJAtzMGlYslVSlWgUSKzneGI4ghP_sOHPhWYEM5YHjagcmFF0le4UZC6xy9KzEXtUUPC8XG4-II6KqPAtuO5cA2c1u6VcuSW71fJF2Qpxv9eWLgzl97XbZY90zoG2F=w163-h92-k-no","https://ssl.gstatic.com/local/servicebusiness/default_user.png","""zip lining, boat ride, and nature trail.""","",""
"https://www.google.com/maps/place/Afro+Sayari+-+Ruai+Bypass/data=!4m7!3m6!1s0x182f6af159c3e9b3:0x58b0404ccc4f1416!8m2!3d-1.2342568!4d36.9911257!16s%2Fg%2F11c52_q8c0!19sChIJs-nDWfFqLxgRFhRPzExAsFg?authuser=0&hl=en&rclk=1","Afro Sayari - Ruai Bypass","4.2","(5,007)","Theme park","·","","·","Eastern Bypass","Open","· Closes 11:30 PM","https://lh3.googleusercontent.com/gps-cs-s/AHVAwepiC_AiM2ueHBHsg21uUFwY_ZywS3Xb_K5dO_-RFUBJ-yA6TZ_5UFCzNAVkuos6JUI-77lTgjRutd3TsE41sLCSZpXxaX2SL1oxANprMBT82fpq77AWM5J9ORMGD4GgHHo0RYQr=w194-h92-k-no","https://ssl.gstatic.com/local/servicebusiness/default_user.png","""There is bouncing castles and cars for children to ride,  swimming pool.""","",""
"https://www.google.com/maps/place/Giraffe+Centre/data=!4m7!3m6!1s0x182f05a9a4e927d3:0xe161fe0b53c6351f!8m2!3d-1.3763639!4d36.7443169!16zL20vMDltOTBq!19sChIJ0yfppKkFLxgRHzXGUwv-YeE?authuser=0&hl=en&rclk=1","Giraffe Centre","4.6","(17,057)","Tourist attraction","·","","·","Duma Rd","Closed","· Opens 9 AM Thu","https://lh3.googleusercontent.com/gps-cs-s/AHVAweqbp5vrhfPPFMyuihxetxwmtGI2UHFfgHXYpY1_k3LNGE-FPpXrRPvwXUo_7yUS0UiDm-CYI8u2uebfirQapyS0Ot4lqa-IjYWkwdv14CFJ0DtiJd7IHVb5QN2Kwt_PmxalaL8=w122-h92-k-no","https://ssl.gstatic.com/local/servicebusiness/default_user.png","""Went here with 3 adults, 6 kids and a toddler and it was so much","fun","."""
"https://www.google.com/maps/place/Nairobi+National+Park/data=!4m7!3m6!1s0x182f0fbbde36bc45:0x6f9671d1966870ec!8m2!3d-1.3824923!4d36.86102!16zL20vMDQ1d3pi!19sChIJRbw23rsPLxgR7HBoltFxlm8?authuser=0&hl=en&rclk=1","Nairobi National Park","4.5","(11,241)","Tourist attraction","·","","Safaris amid lions, leopards & giraffes","","Closed","· Opens 6 AM Thu","https://lh3.googleusercontent.com/gps-cs-s/AHVAwepLFGiiaE4w1NldvFzAKkL4W_5KaEBXEO9BOuCSM9Xm49ZlNTznTjKFDjf79TwU-MEJTMDTOItxtZNRSapdClqavLmw3qFpA9btk_P1QwgJINXLp4mIRA281uDzieOzen2eLV0n=w122-h92-k-no","https://ssl.gstatic.com/local/servicebusiness/default_user.png","""It was","fun","enjoyable the surrounding was superb the fee was fair enough"""
"https://www.google.com/maps/place/Escape+Room+Kenya/data=!4m7!3m6!1s0x182f1b65b4ebceaf:0xed4177ba1dda9b09!8m2!3d-1.329988!4d36.6803992!16s%2Fg%2F11c2k98619!19sChIJr87rtGUbLxgRCZvaHbp3Qe0?authuser=0&hl=en&rclk=1","Escape Room Kenya","4.6","(189)","Escape room center","·","","·","Ngong Rd","Closed","· Opens 11 AM Thu","https://lh3.googleusercontent.com/gps-cs-s/AHVAwerk60BACWAf9WqVzTs86Bh1xYCWfHPHkIo-iMsD7ecIyb7pMnHK-_C468Yc8i9nLCr09njY-LuUMMUaGjupVsAeHQIV7VkRlAohYzgRbFtXjAQCNT4dSfQNN3PvrrcCCIrVRT1ovg=w80-h106-k-no","https://ssl.gstatic.com/local/servicebusiness/default_user.png","""Excellent design,","interesting","puzzles, helpful staff!"""
"https://www.google.com/maps/place/Funcity+Gardens+Utawala/data=!4m7!3m6!1s0x182f6b5ebb676e43:0x4b01910e28e7331a!8m2!3d-1.2739634!4d36.9707537!16s%2Fg%2F11cn9skd56!19sChIJQ25nu15rLxgRGjPnKA6RAUs?authuser=0&hl=en&rclk=1","Funcity Gardens Utawala","4.2","(3,951)","Recreation center","·","","·","PXGC+6PM, Utawala","Closed","· Opens 6:30 AM Thu","https://lh3.googleusercontent.com/gps-cs-s/AHVAweqVd0rGfQhbgHdTInSJVN7HJe4zps3IJaZotHeBjAn-QT1xhTFgUf8Wx6lmlU1UZYLZaPiq7zvkj3ZlM7eydyforNvnzG2Mng_BoIjTlfAe6M11gjG0u4HaYCV7g5D4ZzW2GeQ=w163-h92-k-no","https://ssl.gstatic.com/local/servicebusiness/default_user.png","""The children's playing floor has fantastic","games","and very helpful staffs."""
"https://www.google.com/maps/place/Magic+Planet/data=!4m7!3m6!1s0x182f3d44d1c1b8af:0xefa229db75ebd5b9!8m2!3d-1.2099065!4d36.7960181!16s%2Fg%2F11hcqbt2w8!19sChIJr7jB0UQ9LxgRudXrddspou8?authuser=0&hl=en&rclk=1","Magic Planet","4.5","(181)","Amusement center","·","","·","level -2, Two Rivers Mall","Closes soon","· 9 PM · Opens 9 AM Thu","https://lh3.googleusercontent.com/gps-cs-s/AHVAweoajbu_Mns6FwWUPGGSC6qh2eiT3D2uGS-QNTNHIA-O2LJNxbPb_h1buMfAyjLVMb0gNYmCVk_kX3tMLxJMMBiaioTLDApawfyBe4I6eVVQJ65ulmyAocaqx_Zlp6US-dJ1n7XF=w122-h92-k-no","https://ssl.gstatic.com/local/servicebusiness/default_user.png","""A scenic place with a beehive of amusement and play items.""","",""
"https://www.google.com/maps/place/Njine+Kabia+Falls/data=!4m7!3m6!1s0x1828810ab259498d:0x22bb5c956876fe46!8m2!3d-0.4942093!4d37.2950597!16s%2Fg%2F11k4fvfg29!19sChIJjUlZsgqBKBgRRv52aJVcuyI?authuser=0&hl=en&rclk=1","Njine Kabia Falls","4.4","(137)","Outdoor activity organiser","","","","","Closes soon","· 9 PM · Opens 9 AM Thu","https://lh3.googleusercontent.com/gps-cs-s/AHVAwerMhgaJ_XBj2udzvXUO-j8wxcPeOH5_jXCXc43xsFIzoRq7abTsN2Mm2iU5zZze_CaMpcKkyfkKB4hDsTDC5TT2Vlg3R1sdIZ0mGtxHQ2y-ckIj7C3RlfdzPawUXDjAxP6wU8w=w138-h92-k-no","https://ssl.gstatic.com/local/servicebusiness/default_user.png","""Beautiful scenery,","fun games",", friendly staff, tasty food 👌🏽"""
"https://www.google.com/maps/place/Under+The+Sea/data=!4m7!3m6!1s0x182f1712a16dcd69:0x1ddd3e8aab0f7a68!8m2!3d-1.2305786!4d36.8042971!16s%2Fg%2F11fj3fk1j6!19sChIJac1toRIXLxgRaHoPq4o-3R0?authuser=0&hl=en&rclk=1","Under The Sea","4.1","(167)","Indoor playground","·","","·","Limuru Rd","Closed","· Opens 9 AM Thu","https://lh3.googleusercontent.com/gps-cs-s/AHVAwep-0X_Y_VjNQ0-9Bab9dkczTvcl-65wVxK-3bEQA5YtSeXg1gfjBQ9P8RG1JFkOrEE87HETuC-zs80CNMmQyUH7Pf13UgB5GqIIjcFhlNQDLjvFbyy5GWb1vHChkLZidPgZD8UZVw=w80-h106-k-no","https://ssl.gstatic.com/local/servicebusiness/default_user.png","""Cool kids destination with lots of kids","games",", maze, Slides,"""
"https://www.google.com/maps/place/Kids+Fun+Activities+Nairobi/data=!4m7!3m6!1s0x182f1b531cb353e9:0x252042b7259a94c9!8m2!3d-1.298515!4d36.7619412!16s%2Fg%2F11s5xls0yn!19sChIJ6VOzHFMbLxgRyZSaJbdCICU?authuser=0&hl=en&rclk=1","Kids Fun Activities Nairobi","4.8","(4)","Children's party service","·","","·","Junction Mall","Open 24 hours","","https://lh3.googleusercontent.com/gps-cs-s/AHVAwerKNsViF2UbGUhmUv17zvyL0r2Pb4t8CCijHk5owrXRTYz_ujskZymcFEXyGqw4dKJvtu3c2G-sKD_5CwC-NXSwo2I0gixIikZIEzofdTkqrDvWst0CGlAmmaA0KTeolFDhenqt6lfztqYR=w122-h92-k-no","https://ssl.gstatic.com/local/servicebusiness/default_user.png","""Kids","Fun Activities","added a special touch to our event."""
"https://www.google.com/maps/place/funland+amusement+park/data=!4m7!3m6!1s0x182fa1428091ac69:0x81563e2b585813ff!8m2!3d-1.5221983!4d36.9459551!16s%2Fg%2F11lkyx9vtm!19sChIJaayRgEKhLxgR_xNYWCs-VoE?authuser=0&hl=en&rclk=1","funland amusement park","4.3","(47)","Amusement center","·","","·","kajiado kitengela","Closed","· Opens 9 AM Thu","https://lh3.googleusercontent.com/gps-cs-s/AHVAweqDflaWMFHJ5f90WtTYoxtZQ7hQnqeauasi2HUl8MnGmzMByyhiZzf7RSjPSp61sFlkOgXoSC6DPVp6WKx2Z7V-RzfpqDe8NLKMPGgIreUiWzajSbtMn0L4sDPAHV29F_gQ_YI=w194-h92-k-no","https://ssl.gstatic.com/local/servicebusiness/default_user.png","""@Ksh.600 your kid can play all available facilities including slings.""","",""
"https://www.google.com/maps/place/Jump+by+Flying+Fox/data=!4m7!3m6!1s0x182f1b58ca40b939:0xfda6ad693ad17aef!8m2!3d-1.3204674!4d36.7038567!16s%2Fg%2F11srbk3lt1!19sChIJOblAylgbLxgR73rROmmtpv0?authuser=0&hl=en&rclk=1","Jump by Flying Fox","4.8","(94)","Adventure sports center","·","","·","The Hub, Jump by Flying Fox, 09 Langata Rd","Closed","· Opens 12 PM Thu","https://lh3.googleusercontent.com/gps-cs-s/AHVAweqvsMRtDm4Mpnyi86h_8D_ZtXv4apjxPStHS0nJl6NBDauG5zRO7hzo9f80V6WDgrqUB2lT59xHNeo97cvSATqGjMObuun4A9Jw5r25iWD0rSkcKqFCcLrIqcqEsMfd0QaTx98Zlg=w92-h92-k-no","https://ssl.gstatic.com/local/servicebusiness/default_user.png","""I had so much","fun","and the instructors were so friendly and extremely patient"""
"https://www.google.com/maps/place/Snake+Park/data=!4m7!3m6!1s0x182f17b73f48679b:0x22bc705d4c50320a!8m2!3d-1.2746661!4d36.8148014!16s%2Fg%2F11jgm2z_mx!19sChIJm2dIP7cXLxgRCjJQTF1wvCI?authuser=0&hl=en&rclk=1","Snake Park","4.3","(1,439)","Zoo","·","","·","Prof. Wangari Maathai Rd","Closed","· Opens 8:30 AM Thu","https://lh3.googleusercontent.com/gps-cs-s/AHVAweoB1uDfrf53MxAV0jTu2dtw9uIn-wiTYB96WP7JBYfam2UJWkB_quZ_msAefNn5vQBVnWlDJu_i4oLhNjYWsR7hePFmmLyZaQURC7ar33Cx6n9et1npHe0CoxP1lKqIwUG6jdVz=w80-h142-k-no","https://ssl.gstatic.com/local/servicebusiness/default_user.png","""You can get a guide to lead you on or you can explore on your own.""","",""
"https://www.google.com/maps/place/The+Forest+Adventure+Centre+and+Restaurant/data=!4m7!3m6!1s0x1828d85790d697a5:0x7aa1728d4d9b32d8!8m2!3d-0.9573989!4d36.6545587!16s%2Fg%2F11c58q86v2!19sChIJpZfWkFfYKBgR2DKbTY1yoXo?authuser=0&hl=en&rclk=1","The Forest Adventure Centre and Restaurant","4.7","(2,970)","Adventure sports center","·","","·","Kimende Kimende KE","Closed","· Opens 8:30 AM Thu","https://lh3.googleusercontent.com/gps-cs-s/AHVAwep-ppfavjud9qFQq9A3-Lc2wupSqjdVCI_QWjzmWX8dr6e5BkU76T5bWEeI16gOjL1zP6ZYaT2P76tgh2BrEQjAtN5xcT0e4KI8OdCp0vPJfMkKK-SUtIgBUjH4e4FNfhIXrQ=w162-h92-k-no","https://ssl.gstatic.com/local/servicebusiness/default_user.png","""Plenty of","activities","to choose from from all ages at a reasonable price"""
"https://www.google.com/maps/place/THE+JUNGLE+Sarit+Centre/data=!4m7!3m6!1s0x182f173b4178ad01:0x3513aac933467782!8m2!3d-1.261176!4d36.8022989!16s%2Fg%2F11qg4kvwgt!19sChIJAa14QTsXLxgRgndGM8mqEzU?authuser=0&hl=en&rclk=1","THE JUNGLE Sarit Centre","4.0","(30)","Children's amusement center","·","","·","Sarit Centre, Karuna Rd","Closes soon","· 9 PM · Opens 10 AM Thu","https://lh3.googleusercontent.com/gps-cs-s/AHVAwer29ZhI6UqWtFQqOGXtRb2azam3isp__RLkKCRwd0BaMIphBm4MfCy2lWAnLHgc_ZHJGPgm6WBhHvUlT-79OuHwa9qxgVzYJslaoDOQ38hzOI6OHs7i5zcyKK8Lpeg33X5Q1MYh-w=w80-h106-k-no","https://ssl.gstatic.com/local/servicebusiness/default_user.png","""An amazing place for kids to play while you busy yourself at the Sarit mall.""","",""
"https://www.google.com/maps/place/Adventures+In+Kenya+-+Adventure+Escapades/data=!4m7!3m6!1s0x182f170dbbd7be6d:0x7b25efdb95261db4!8m2!3d-1.251571!4d36.756682!16s%2Fg%2F11ry9dj7zz!19sChIJbb7Xuw0XLxgRtB0mldvvJXs?authuser=0&hl=en&rclk=1","Adventures In Kenya - Adventure Escapades","5.0","(14)","Outdoor activity organiser","·","","Loresho, Loresho Grove","","Closed","· Opens 7:30 AM Thu","https://lh3.googleusercontent.com/gps-cs-s/AHVAweq0NR_Hm2brju1X7kZqL-NQc-GJKuBhSi8OgD8uD5f3Fv75-5nUULohUUywu5QMgxnXj2LnMkCZOpTSLbUpzgD6lvT2tX4_uRB9MhZAhCr6YCRw5ArYJ3xdn9akmwzxsJYO2A-F=w80-h142-k-no","https://ssl.gstatic.com/local/servicebusiness/default_user.png","""Had a fantastic experience with Adventure Escapades.""","",""
"https://www.google.com/maps/place/Ozone+Trampoline+Park/data=!4m7!3m6!1s0x182f17ec10a2f96d:0x741044b88dd1de71!8m2!3d-1.2300637!4d36.8044259!16s%2Fg%2F11fj3fmydg!19sChIJbfmiEOwXLxgRcd7RjbhEEHQ?authuser=0&hl=en&rclk=1","Ozone Trampoline Park","4.5","(231)","Recreation center","·","","·","Limuru Rd","Closed","· Opens 9 AM Thu","https://lh3.googleusercontent.com/gps-cs-s/AHVAwept2VKGDS51pvddJni9r8iHzgcxC4H-fAKQzANeBBmxr1ty2Qw1CaarRhvdtX1QKy-9iEvuxf4D9vJvSbtaRQkkN3Ymxj3NDxEogfAogs_e0Rdvn0eF5QSW_RCKziig_LTMg__m=w122-h92-k-no","https://ssl.gstatic.com/local/servicebusiness/default_user.png","""It's a zone on it's on zone ozone place for kids to enjoy their energy""","",""
"https://www.google.com/maps/place/Gameworks+Kenya+Entertainment/data=!4m7!3m6!1s0x182f3c5692f676c9:0x63df7674799778c7!8m2!3d-1.1817314!4d36.828498!16s%2Fg%2F11fx8zrks1!19sChIJyXb2klY8LxgRx3iXeXR232M?authuser=0&hl=en&rclk=1","Gameworks Kenya Entertainment","4.1","(140)","Recreation center","·","","·","RR9H+895","Closed","· Opens 6 AM Thu","https://lh3.googleusercontent.com/gps-cs-s/AHVAweraDUqILi2T9MHmIqWKMedfLuG2eRt169kiiTP02xo9au5qh6p_s80q_-KknYvvTz81EII7HOA2UevLBMcKBT36jJD4dhT9yfZMdcx6faqy0wWUS1rNYbFUSFvpXhTiQPGkaIj-=w122-h92-k-no","","","",""
"https://www.google.com/maps/place/Kids+Arena+-+Diamond+plaza+II/data=!4m7!3m6!1s0x182f1712c11fdcc3:0x32083b66c9dae2e!8m2!3d-1.258376!4d36.8192642!16s%2Fg%2F11lbdh67m1!19sChIJw9wfwRIXLxgRLq6dbLaDIAM?authuser=0&hl=en&rclk=1","Kids Arena - Diamond plaza II","4.2","(83)","Amusement center","·","","·","2 Fourth Parklands Ave","Closed","· Opens 10 AM Thu","https://lh3.googleusercontent.com/gps-cs-s/AHVAwerBl7kWUBZS_RXbxNrlTTMmXcljQYiflEGL8w0j4gyrYM1dootRBQeUe5RM0rWRk38SBe7hA1z1nG0xINZsJ2XUA7rY9AxG624EQva7gDQ_67CaENPacvyZsWFSGvdh6Sq9BXs=w122-h92-k-no","https://ssl.gstatic.com/local/servicebusiness/default_user.png","""There is iced skating and plenty of kids","activities","."""
"https://www.google.com/maps/place/GMC+Place+-+Kitengela/data=!4m7!3m6!1s0x182fa172ab0211fd:0x2079877f693d9ecb!8m2!3d-1.5195454!4d36.946915!16s%2Fg%2F11h4wpp3w4!19sChIJ_RECq3KhLxgRy549aX-HeSA?authuser=0&hl=en&rclk=1","GMC Place - Kitengela","4.3","(1,715)","Children's amusement center","·","","","","Open","· Closes 11 PM","https://lh3.googleusercontent.com/gps-cs-s/AHVAwerKJThl1q1b8Y23q-RP3Niw3qmm6GZfkFqi8QI8OpX4sQNpySDtIbYjjtry4m6uiyi_cYnNiqCmmreFWN-KY1TOF5ACTl6sl9FKjQxKWf-VOVLwzZ0kykIucvQ4R48z0m0d5TrI=w163-h92-k-no","https://ssl.gstatic.com/local/servicebusiness/default_user.png","""The food was superb, facilities clean and variety of children","activities","."""
"https://www.google.com/maps/place/Psycho+60+Escape+Rooms/data=!4m7!3m6!1s0x182f1a0979494dcd:0xd4dafb741c2c48a9!8m2!3d-1.291755!4d36.778985!16s%2Fg%2F11c73rw_ky!19sChIJzU1JeQkaLxgRqUgsHHT72tQ?authuser=0&hl=en&rclk=1","Psycho 60 Escape Rooms","4.3","(12)","Amusement center","·","","Elgeyo Marakwet North Rd","","Closed","· Opens 9 AM Thu","https://lh3.googleusercontent.com/gps-cs-s/AHVAwepCSffb4gIiaM2OyEOvdFWjN3X1wqZcAbOZFgECv6rSZorProca6WFoetVagOXxgZlejoRJPhn_cO6jFsaGtGSf3eHA5MEemw2gKn3Zr2OZRUPZFlUDefEe3xlWj77YxolehFye3A=w138-h92-k-no","","","",""
"https://www.google.com/maps/place/Adventure+Farm+Karen/data=!4m7!3m6!1s0x182f1d111a9a13f9:0x51b85ed5ac10720c!8m2!3d-1.2985668!4d36.6871017!16s%2Fg%2F11f88pw2xk!19sChIJ-ROaGhEdLxgRDHIQrNVeuFE?authuser=0&hl=en&rclk=1","Adventure Farm Karen","4.2","(147)","Farm","","","","","Closed","· Opens 9 AM Thu","https://lh3.googleusercontent.com/gps-cs-s/AHVAweqduUXbWcP3rBQuVTfE28CPBMJdL8H9mNYIQ5BsSHuHeebYae6ys_aP3rpdDkbWB12fefsdtprZQG1N3yJ_et2v4MgOp2ukQN_CDmTGFQV47bt7jHHVf53tlKKWGAzhI4Q0gDM9=w80-h106-k-no","https://ssl.gstatic.com/local/servicebusiness/default_user.png","""The kids were able to pick some berries before they enjoyed the zip line.""","",""
"https://www.google.com/maps/place/Luna+Park+international/data=!4m7!3m6!1s0x182f165d531cf92f:0x9336a0e556ec20b!8m2!3d-1.2407646!4d36.8454132!16s%2Fg%2F11dz5bjg7p!19sChIJL_kcU10WLxgRC8JuVQ5qMwk?authuser=0&hl=en&rclk=1","Luna Park international","3.9","(165)","Amusement park","·","","","","Open","· Closes 10 PM","https://lh3.googleusercontent.com/gps-cs-s/AHVAwerJXdfON0s9VMgCT7FzNyMTyOeLSRm3jbtDtt7zn-_qw4dktngmpf_CACPwrxptRxlTUzxL7lY5GlL3oTsxUO9ti_T5GJWj0Aa68_8_Ok0vpn7GKUZuqw3GS9caz6fwmjX67r1l=w200-h92-k-no","https://ssl.gstatic.com/local/servicebusiness/default_user.png","""Mostly enjoyed the Merry Go Round and Bumper Car rides.""","",""
"https://www.google.com/maps/place/Funworld+Juja+City+Mall/data=!4m7!3m6!1s0x182f46507f62f589:0xceb53c4c5ab79953!8m2!3d-1.1176787!4d37.0085022!16s%2Fg%2F11c60dgxs0!19sChIJifVif1BGLxgRU5m3Wkw8tc4?authuser=0&hl=en&rclk=1","Funworld Juja City Mall","4.4","(168)","Recreation center","·","","·","City Mall","Closed","· Opens 9 AM Thu","https://lh3.googleusercontent.com/gps-cs-s/AHVAweq6hX3F7g_PaIoIBDAA3lsndelYmdyqBsDv0tF4K-u5i4WNELwBwetedusYOqCKNXAMJRUgeVA4xqWsbzME4xtnwMnk624R1v2KztFouJcp-iJqmsCGr_p0oF6IzXv8Va1vH__GPw=w163-h92-k-no","https://ssl.gstatic.com/local/servicebusiness/default_user.png","""Kids friendly and private for meetings and other adults","things",""""
"https://www.google.com/maps/place/Uhuru+Park/data=!4m7!3m6!1s0x182f11870910363f:0xbd7deccd3c795907!8m2!3d-1.2901673!4d36.8166396!16zL20vMDR6d3hr!19sChIJPzYQCYcRLxgRB1l5PM3sfb0?authuser=0&hl=en&rclk=1","Uhuru Park","4.1","(23,215)","Park","·","","·","23 Uhuru Hwy","Closed","· Opens 9 AM Thu","https://lh3.googleusercontent.com/gps-cs-s/AHVAweqEVB5Oeil6DXhPubdTE3pZwOhtP-6vcE2AIbJyhGdnHjn5Wl9J5wxRM548CHPRVWpg2Q-alVBw02i1Jn_5N4ah3O_ZHrG05eljppgMbdnuwjQYFASwbMXoDH5wZnRtmYhH1Pzzzg=w163-h92-k-no","https://ssl.gstatic.com/local/servicebusiness/default_user.png","""There are all manner of","fun activities","and"
"https://www.google.com/maps/place/Fourteen+Falls+Adventures/data=!4m7!3m6!1s0x182f57c48af427b3:0xdef54b210dc4702e!8m2!3d-1.0768086!4d37.2484288!16s%2Fg%2F11h7bfpy39!19sChIJsyf0isRXLxgRLnDEDSFL9d4?authuser=0&hl=en&rclk=1","Fourteen Falls Adventures","4.0","(404)","Tourist attraction","·","","","","Open 24 hours","","https://lh3.googleusercontent.com/gps-cs-s/AHVAwepZMk3qXUT5C84wkqiUrsdK7iQaoL0iauHrOHbADuOu8LdtBMx2hjcUhmXm8l1IJOYS_8m3f0iantPZQ6xVb8DRyqjLbK8F7XrdWXyTJEmWQJxC-XaNDbVz-YnKRfKzOjg3t8cy=w92-h92-k-no","https://ssl.gstatic.com/local/servicebusiness/default_user.png","""Give the falls a priority you will eradicate boredom""","",""
"https://www.google.com/maps/place/Karura+Forest+%28Gate+D%29/data=!4m7!3m6!1s0x182f1728162a0c91:0x13dbc225cacdc3e3!8m2!3d-1.238245!4d36.8175476!16s%2Fm%2F0fqnpdn!19sChIJkQwqFigXLxgR48PNyiXC2xM?authuser=0&hl=en&rclk=1","Karura Forest (Gate D)","4.6","(193)","Park","·","","·","QR79+47F","","","https://lh3.googleusercontent.com/gps-cs-s/AHVAweq74PqYq4mJlATGdACWlizwfMzPQ2iToRVG37I-9TJxkFkwuc3MSbsUodyW79idTFZoAY5yOq7lDYIQFStIGeDwSzFEZZ6Luc4mGVbFAGNVGShDa503fQl9MhAvi--2jNM8_Ew6=w122-h92-k-no","https://ssl.gstatic.com/local/servicebusiness/default_user.png","""... chilling ger away
Family gathering and team building","activities",""""
"https://www.google.com/maps/place/Savage+Wilderness/data=!4m11!3m10!1s0x18289ee5bb38f655:0x8d20e4b7990ef3f8!5m3!1s2026-02-27!4m1!1i2!8m2!3d-0.7076347!4d37.2454624!16s%2Fg%2F1pp2tznqy!19sChIJVfY4u-WeKBgR-PMOmbfkII0?authuser=0&hl=en&rclk=1","Savage Wilderness","4.5","(700)","2-star hotel","·","","","","","","https://lh3.googleusercontent.com/gps-cs-s/AHVAwepwBNTAwTXr8_BpOIg5lQ2KnXO8F3kvmhq8rRhH-fRyQlcx0WpmAdc7xTwBUqZX_Bih9hJeZglv2ikUseQRJqjyeM6RzmweaViYKFTjNZ3lVdAbb3raLx606MP9WY7baly1WWWc=w163-h92-k-no","https://ssl.gstatic.com/local/servicebusiness/default_user.png","""The kids aged 9 and 10 took the zip-line over Tana river.""","",""
"https://www.google.com/maps/place/Nairobi+Animal+Orphanage/data=!4m7!3m6!1s0x182f1aa9b8854343:0x64ebb60de1016312!8m2!3d-1.336859!4d36.7797851!16s%2Fg%2F1tsvw7z_!19sChIJQ0OFuKkaLxgREmMB4Q2262Q?authuser=0&hl=en&rclk=1","Nairobi Animal Orphanage","4.4","(6,395)","Tourist attraction","·","","·","National Park, Karen, Langata Rd","Closed","· Opens 8 AM Thu","https://lh3.googleusercontent.com/gps-cs-s/AHVAwerC3xkQHGKdAmAxiZ6H2IjqaF5BmGTbuM5Q6xa_WYIt6dv1SyfqBcJqMWWJcL1X5JjfNBrrOs-KfSUzuBqdUXL7msDpWetplrpx_-cVUH1gwDhR6R8Nn3zXNG3YGwlhpp22fiHU=w122-h92-k-no","https://ssl.gstatic.com/local/servicebusiness/default_user.png","""","Fun","affordable activity for the weekend."""
"https://www.google.com/maps/place/Lake+Nakuru+National+Park/data=!4m7!3m6!1s0x18299ad44c2b87a1:0x8ad29aeb6bc48e31!8m2!3d-0.4035304!4d36.0961663!16s%2Fg%2F121qfs73!19sChIJoYcrTNSaKRgRMY7Ea-ua0oo?authuser=0&hl=en&rclk=1","Lake Nakuru National Park","4.4","(5,642)","Tourist attraction","·","","National park with soda lake & wildlife","","","","https://lh3.googleusercontent.com/gps-cs-s/AHVAwermHv1YnpCE6N8y5Ju9MVRFdKnTZNxuognGJgXt7d-TPwEXpzI-810T3ujuiyoVLPnrB70EUep_SSxim4Py3qDIh5YxsiJNOE5dcAGM7gU8T75LyC_Tr3VQI1HO4xoonusxX9I=w137-h92-k-no","https://ssl.gstatic.com/local/servicebusiness/default_user.png","""A truly unforgettable experience—highly recommend.""","",""
"https://www.google.com/maps/place/National+Museum+of+Kenya/data=!4m7!3m6!1s0x182f172e2b30a483:0x24eee4c08364a0f3!8m2!3d-1.2739629!4d36.814425!16s%2Fg%2F11b5phrsg1!19sChIJg6QwKy4XLxgR86Bkg8Dk7iQ?authuser=0&hl=en&rclk=1","National Museum of Kenya","4.5","(11,716)","Tourist attraction","·","","·","Kipande Rd","Closed","· Opens 9 AM Thu","https://lh3.googleusercontent.com/gps-cs-s/AHVAweoVIYo1aOc20uDiid4SzBgCXtCM5ShFr9N2tBXVJ-FrrDVwQfOx3Vgj5K94O5UFpGvp2Mr7Cro5p-7YH0acV7-U0K2cC4d2HV0R8BUdUpstEBAY2RAPXL23mr2gpVlXX4ij5EVo=w80-h105-k-no","https://ssl.gstatic.com/local/servicebusiness/default_user.png","""Museum exhibits was educative,interactive and well done.""","",""
"https://www.google.com/maps/place/Ngong+Hills+Forest+Reserve/data=!4m7!3m6!1s0x182f0221533c8e25:0xb20947eeee2fefc9!8m2!3d-1.4152555!4d36.6417777!16s%2Fg%2F1tm9dk6f!19sChIJJY48UyECLxgRye8v7u5HCbI?authuser=0&hl=en&rclk=1","Ngong Hills Forest Reserve","4.5","(3,726)","Tourist attraction","·","","HJMR+VPR","","","","https://lh3.googleusercontent.com/gps-cs-s/AHVAweorPsyxQ7eBJ0HT3BSCUu2cJ8v5-pVmrg7NZCrnZN3NcamzVt098aNCYf3ShmSVXj_TFVwbIALHuVETLIc68h8suzYdmT4JqPHtouDa0Y-qu3TC9LeclRVV4p4-S1mu-E2MKgs1=w163-h92-k-no","https://ssl.gstatic.com/local/servicebusiness/default_user.png","""Perfect joint for","fun",", zip lining, archery all at affordable prices."""
"https://www.google.com/maps/place/Whistling+Morans+Ltd/data=!4m7!3m6!1s0x182f74602317822b:0xf7dad68026f9cbe0!8m2!3d-1.4153359!4d36.997616!16s%2Fg%2F11gfh7hzhx!19sChIJK4IXI2B0LxgR4Mv5JoDW2vc?authuser=0&hl=en&rclk=1","Whistling Morans Ltd","4.4","(2,439)","Racecourse","·","","·","H2P2+27, Nairobi","","","https://lh3.googleusercontent.com/gps-cs-s/AHVAweoS_hKm8Xza3bOiqochjYny7BjcGb7ZLTvHUXvRwFGaev9OXP_Gb_sPOVs1p9YKyDxOm7MAWPXk332jtcfTiMCv2A4ZLOboij54eaX5791XNErYnsxowztsAdp1lewQEEriS389=w122-h92-k-no","https://ssl.gstatic.com/local/servicebusiness/default_user.png","""The place is big and has many","fun activities","."""
"https://www.google.com/maps/place/Amuse+Kenya/data=!4m7!3m6!1s0xa774c155ca104ef1:0xab2eb62809c8d868!8m2!3d-1.2408053!4d36.7954804!16s%2Fg%2F11rm_xvrq5!19sChIJ8U4QylXBdKcRaNjICSi2Lqs?authuser=0&hl=en&rclk=1","Amuse Kenya","4.6","(19)","Outdoor activity organiser","·","","Thigiri Ln","","Closed","· Opens 7 AM Thu","https://lh3.googleusercontent.com/gps-cs-s/AHVAweoP5BBn2DURm4wBrA-uA_EM0z0gzhSfBxr5VMQwWBZYwRctKXMzWGe2YaO1LkNbn9XM49e-zzhJHk2KAJUAJm37-RlPTxUG2nbWnxejwlOoULoezSLlli98WxIbGWaHS6dImVitJwKWiaql=w138-h92-k-no","https://ssl.gstatic.com/local/servicebusiness/default_user.png","""The long bicycle rides in the forest are the highlight.""","",""
"https://www.google.com/maps/place/Madmax+Karting/data=!4m7!3m6!1s0x182f3deea50a0081:0xbe50a87785cf10c!8m2!3d-1.2103208!4d36.7966397!16s%2Fg%2F11k0yy4tz7!19sChIJgQAKpe49LxgRDPFceIcK5Qs?authuser=0&hl=en&rclk=1","Madmax Karting","4.5","(337)","Go-karting venue","·","","·","Two Rivers Mall, Limuru Rd, Nairobi","","","https://lh3.googleusercontent.com/gps-cs-s/AHVAweqPYRx84PlWABlxie3igMWLm_Ru7XFBibD3dkk4hhvbw3DsZLIq9Anhi8MExOj6qMQa1kZBQU-mN6Ws6P9bHy9v4kI-kxcEtRvYhTQoyUeCG_rWFndKQ_xKk2mRd44dViNhyoVJgQ=w80-h120-k-no","https://ssl.gstatic.com/local/servicebusiness/default_user.png","""Great experience, clean and so much","fun",""""
"https://www.google.com/maps/place/Karen+Blixen+Museum/data=!4m7!3m6!1s0x182f04b9fac13b53:0xac437c7bbfb31de3!8m2!3d-1.35196!4d36.712504!16zL20vMDdwcnpn!19sChIJUzvB-rkELxgR4x2zv3t8Q6w?authuser=0&hl=en&rclk=1","Karen Blixen Museum","4.4","(3,483)","Tourist attraction","·","","·","Karen Rd","Closed","· Opens 8:30 AM Thu","https://lh3.googleusercontent.com/gps-cs-s/AHVAwepMmw-Q_ih29RG3g4OVzb4eR--FAegr0sORr5XgB2g5XGNVDCB7itP1Ao0xZ8i_vgG853_S5mtZvTmMF2nJCKyk0PpuIV9aL3fz_v3HVUgY7dYkcOdOf6oSrjSZZte9z-HXoTAw=w122-h92-k-no","https://ssl.gstatic.com/local/servicebusiness/default_user.png","""... your mats, balls, skipping ropes, and other items for team","activities","."""
"https://www.google.com/maps/place/Garden+City+Kid%27s+Play+Area/data=!4m7!3m6!1s0x182f1515b785dd5f:0xd40b7d55dfdfb941!8m2!3d-1.2315946!4d36.8798432!16s%2Fg%2F11ghpyg3n2!19sChIJX92FtxUVLxgRQbnf31V9C9Q?authuser=0&hl=en&rclk=1","Garden City Kid's Play Area","4.4","(59)","Playground","·","","·","QV9H+9W8, Thika Rd","","","https://lh3.googleusercontent.com/gps-cs-s/AHVAweo5WEcH4dKUEnQrbYCIbmeISGzQQuhDWD_Mv_83BaUnQ9YJb7ZlFnk6pm3CY_sa75MVnKPeuDa3Srvrqjk7iH_OKYtO_Oe14wamU-cLldE7NGzbQQnVujXzG8RjzHJVTVn4h-X2q6WBatJB=w80-h106-k-no","https://ssl.gstatic.com/local/servicebusiness/default_user.png","""We visit garden city kid's area everynow and then for great","leisure","time."""
"https://www.google.com/maps/place/Pins+Entertainment+%7C+Kids+Play+Area+%7C+Games+and+Food/data=!4m7!3m6!1s0x182f17797e8216ff:0x56da46f2daac3d86!8m2!3d-1.2611605!4d36.8019777!16s%2Fg%2F11j97m0ygy!19sChIJ_xaCfnkXLxgRhj2s2vJG2lY?authuser=0&hl=en&rclk=1","Pins Entertainment | Kids Play Area | Games and Food","4.6","(888)","Bowling alley","·","","·","Sarit Centre, Sarit Centre1st Floor Old Wing, Karuna Rd","Open","· Closes 12 AM","https://lh3.googleusercontent.com/gps-cs-s/AHVAweo5nuBQOolqwNcpdrUvfDsJ8lJ9ed6CA2ENcE6rFivjDKF5hK8Ox8bNvCYyNSRQbDh3wZdD2sgz8IL4hq7e6S_Y7RWzql-MwVLOOX16JvUMrA4jtXt-PNBI4iQ8SM4by1qsLup9=w132-h92-k-no","https://ssl.gstatic.com/local/servicebusiness/default_user.png","""The place also offers a jungle for kids,air hockey and pool.""","",""
"https://www.google.com/maps/place/Uhuru+Gardens/data=!4m7!3m6!1s0x182f107238384bf9:0xae995986beacda74!8m2!3d-1.3244622!4d36.798519!16s%2Fm%2F0gy1t_v!19sChIJ-Us4OHIQLxgRdNqsvoZZma4?authuser=0&hl=en&rclk=1","Uhuru Gardens","4.3","(3,991)","Tourist attraction","·","","Historic gardens & Kenya's birthplace","","Closed","· Opens 9 AM Thu","https://lh3.googleusercontent.com/gps-cs-s/AHVAweoMJ70i73NemkRGVyFXH2uISyo4OzlEpT9J6rxgD9ESXI1KAg13BlXWjJmuvrJKhFJ5hjuq7tYAw-QlpEOiahROUNah_O4SgOOsMMmMYc1dwdzNper0ENHcyFtKMuIXrBdhOfxZ8g=w163-h92-k-no","https://ssl.gstatic.com/local/servicebusiness/default_user.png","""Lots to learn and plenty of people/companies to interact with.""","",""
"https://www.google.com/maps/place/Camp+Ndunda+Falls/data=!4m11!3m10!1s0x1827d33f646ca9b3:0xb870ba86aa89270!5m3!1s2026-02-27!4m1!1i2!8m2!3d-0.4878849!4d37.4288694!16s%2Fg%2F11ffvsry1r!19sChIJs6lsZD_TJxgRcJKoaqgLhws?authuser=0&hl=en&rclk=1","Camp Ndunda Falls","4.5","(1,466)","Campground","·","","","","","","https://lh3.googleusercontent.com/gps-cs-s/AHVAweozTx7_EoY_Ez13E2xdNvm91Q7B8HVkFUT6ovfHdv5RZjN0uLctDW2vBngq_peIorVnY7mDM2pU3EZoZvUVeZd9uKsle0i1t6QcbXjzVl052pGsJFh-uN30_ROiogB94EKWiwLe=w163-h92-k-no","https://ssl.gstatic.com/local/servicebusiness/default_user.png","""This place is super lit with lots of","fun activities","and beautiful scenery"""
"https://www.google.com/maps/place/Destinations+Kenya+Safari/data=!4m7!3m6!1s0x182f10d6b06bf181:0xfcd5bed359d3438c!8m2!3d-1.4283944!4d36.978844!16s%2Fg%2F11cjgg3f65!19sChIJgfFrsNYQLxgRjEPTWdO-1fw?authuser=0&hl=en&rclk=1","Destinations Kenya Safari","4.8","(209)","Tour operator","·","","·","Greatwall Gardens, Pridelands","Open 24 hours","","https://lh3.googleusercontent.com/gps-cs-s/AHVAweoCZwFfUXIwctuE-Nnn912wY0yJ51hBVM2cK0gWgTgAIATUNBR3RVZiciXeRqZhmDbmmFDyTthjye4RjQOPHPqNaynwYzD0PvZJT_AefYqNIDJpJ2OH2mTKRmGo_zKBj6ASSuURoyW0BjY=w92-h92-k-no","https://ssl.gstatic.com/local/servicebusiness/default_user.png","""The experience gained is a balance of breathtaking and","fun","-filling."""
"https://www.google.com/maps/place/SuperToto+Fun+Park/data=!4m7!3m6!1s0x182f1f7a0b3124ed:0xf1c9c99716649bd3!8m2!3d-1.2773438!4d36.6182306!16s%2Fg%2F11n5vmy53q!19sChIJ7SQxC3ofLxgR05tkFpfJyfE?authuser=0&hl=en&rclk=1","SuperToto Fun Park","3.4","(5)","Playground","·","","·","Dagoretti Rd","Closed","· Opens 9:30 AM Thu","https://lh3.googleusercontent.com/gps-cs-s/AHVAwer4rGOtSRZGrR1y-oYfg5h24aXV_Mnm-lye2yrfQ6cLN74IyO_wxzCY0wxwM_Nn8UVizy-cL3NdOIycwyz0iJX7Jvx0EHAVmlKSBUph_bb_pioVx4dTXv6jJUGJKKH02vvj33g=w194-h92-k-no","https://ssl.gstatic.com/local/servicebusiness/default_user.png","""When it comes to kids and","fun","...A very nice place"""
"https://www.google.com/maps/place/Rapids+Camp+Sagana+-+White+Water+Rafting+Centre/data=!4m11!3m10!1s0x18289f1b277fc859:0xedcd47f73cffdb36!5m3!1s2026-02-27!4m1!1i2!8m2!3d-0.6950013!4d37.2462269!16s%2Fg%2F1hdzx7tc7!19sChIJWch_JxufKBgRNtv_PPdHze0?authuser=0&hl=en&rclk=1","Rapids Camp Sagana - White Water Rafting Centre","4.1","(361)","Adventure sports center","·","","","","","","https://lh3.googleusercontent.com/gps-cs-s/AHVAweradnJIlkFWcQilg-pal8r2Gh99HP3bEiv9gDr7Pm_vL_GutX21R_Extakw9sKsAKr2evvGRmZbGSUak7y1uuzGoAzR9_4NcYWDOV2qf1oh4fTlOUgAUCf03L_b5oop7YsiUYHw=w137-h92-k-no","https://ssl.gstatic.com/local/servicebusiness/default_user.png","""tea, teambuilding","activities",", lunch, zip lining and the water challenge."""
"https://www.google.com/maps/place/Village+Market/data=!4m7!3m6!1s0x182f17c02c0c60eb:0xabe915056c56fb6c!8m2!3d-1.228842!4d36.805044!16s%2Fm%2F05p3n5q!19sChIJ62AMLMAXLxgRbPtWbAUV6as?authuser=0&hl=en&rclk=1","Village Market","4.6","(9,312)","Shopping mall","·","","·","Village Market, Limuru Rd","Open","· Closes 11 PM","https://lh3.googleusercontent.com/gps-cs-s/AHVAweo5tS7mvOKcJ536-VF-_4_nL3Q5n56t2v9EKgIg-lVbgB7nn9HL5QYfzga-F3udfECmDRoIWvz4eusiQBbrmo38uK-cLQoMipfHTbZ0WidHWT58RBTPn1Fm8CGRmnv27Anz47aFwg=w92-h92-k-no","https://ssl.gstatic.com/local/servicebusiness/default_user.png","""There's bowling, miniature golf, trampoline, and virtual gaming.""","",""
"https://www.google.com/maps/place/Stedmak+Gardens+and+Recreation+Centre/data=!4m7!3m6!1s0x182f1acbd05cda51:0xaf0339d861547021!8m2!3d-1.3341396!4d36.7585789!16s%2Fg%2F11b_2y6bvs!19sChIJUdpc0MsaLxgRIXBUYdg5A68?authuser=0&hl=en&rclk=1","Stedmak Gardens and Recreation Centre","4.4","(920)","Restaurant","·","","·","MQ85+8CW, Karen Rd","Open 24 hours","","https://lh3.googleusercontent.com/gps-cs-s/AHVAweq5LEyQ7Lc73IIWqXldkf5-J67yrdqWSPFFmqCop3AHtUpKgETqZkIcyhNnumP3ClupHsOuuWQhVGysw6L1Y0xC-pfOlGfj5thKfO0ZVYdjtlOsYBABpLTQmRTiBRiJlWG_s7S4=w122-h92-k-no","https://ssl.gstatic.com/local/servicebusiness/default_user.png","""It was a 10/10 experience I love the","games","there the"
"https://www.google.com/maps/place/Hells+Gate+National+Park/data=!4m7!3m6!1s0x18294a01b3120caf:0xa1258436f698fc5d!8m2!3d-0.87579!4d36.3173817!16zL20vMDk5Xzd6!19sChIJrwwSswFKKRgRXfyY9jaEJaE?authuser=0&hl=en&rclk=1","Hells Gate National Park","4.5","(4,002)","National park","·","","Savannah ecosystem with rock climbing","","Closed","· Opens 6 AM Thu","https://lh3.googleusercontent.com/gps-cs-s/AHVAweopcA-OAZXC9kc_HLi2oR8jWnPyvX6FyrI9DxQstiw9qcpYj6w3YnSYhTHsbZRO718D26B3WIrpUJEb6uBJtvdMtImK4dP-CjpmjdZWeWmMMglqjQc4iuSyhrUgV45-4zWQu7DKSw=w83-h92-k-no","https://ssl.gstatic.com/local/servicebusiness/default_user.png","""Rock climbing is among the","fun","filled"
"https://www.google.com/maps/place/Baecation+Adventures+Kenya/data=!4m7!3m6!1s0x182f176b30514567:0x9e8f1fd810e77e21!8m2!3d-1.1557213!4d36.9606544!16s%2Fg%2F11lx571hpy!19sChIJZ0VRMGsXLxgRIX7nENgfj54?authuser=0&hl=en&rclk=1","Baecation Adventures Kenya","5.0","(32)","Tour operator","·","","Phileo Arcade, First Floor Thika Rd","","Closed","· Opens 8 AM Thu","https://lh3.googleusercontent.com/gps-cs-s/AHVAwerGpR4t7W9jTRSwsn2UB6gL3-DxpsyixLSqE2yblysyTt8Sjs33OSHESan_JpK7AziAJ-pMxYW1EHxHZTFTqX4hvdqgJkQ7zNjZACHNh9AgaeCJTRqXUwfVHR7REdtRN5DaLkbRkjgvfG8-=w80-h142-k-no","https://ssl.gstatic.com/local/servicebusiness/default_user.png","""Once we got going, the adrenaline rush was unreal!""","",""
"https://www.google.com/maps/place/Ol+Pejeta+Conservancy/data=!4m7!3m6!1s0x18281f4c71f20d5d:0x1bff1d15ccf6a80d!8m2!3d0.022384!4d36.8584122!16s%2Fm%2F0570k8c!19sChIJXQ3ycUwfKBgRDaj2zBUd_xs?authuser=0&hl=en&rclk=1","Ol Pejeta Conservancy","4.6","(2,440)","Nature preserve","·","","·","Marura Rd","Closed","· Opens 7 AM Thu","https://lh3.googleusercontent.com/gps-cs-s/AHVAwerqiAJJexP3vV0bscEF_byD9dzZGtKjs81NIaBwBZY8UqHvQWU03O4A1cDPLoxT82kuXxisMwVHKPwVpTtx547JrfjMlaEN2J0dWDF4963PIwInzGfrcGL-Uq9AvG8Ouseg8t8q=w122-h92-k-no","https://ssl.gstatic.com/local/servicebusiness/default_user.png","""The kids loved to feed Baraka, the blind rhino.""","",""
"https://www.google.com/maps/place/Redhill+Karting+Ltd/data=!4m7!3m6!1s0x182f23ffd40b166b:0x3b158ff3a69f42a6!8m2!3d-1.1723007!4d36.7133997!16s%2Fg%2F11kk7vxzy6!19sChIJaxYL1P8jLxgRpkKfpvOPFTs?authuser=0&hl=en&rclk=1","Redhill Karting Ltd","4.6","(334)","Car racing venue","·","","·","RPH6+3WV","","","https://lh3.googleusercontent.com/gps-cs-s/AHVAweoXrN-EXScIV0BA1DgIqf3FMWJwrhFsCdFAnIX6bM00CS8TdONuM2ujOi6chJpHbHCeui7IsfJeHAtGZ4YI6VggO7LW9uHUfug4nMSvk8IrVUZuDlmB9a854RfE_ExI_1I0O0vY=w122-h92-k-no","https://ssl.gstatic.com/local/servicebusiness/default_user.png","""Great views, good food and loved the","activities","."""
"https://www.google.com/maps/place/Bigfoot+Adventures+Kenya/data=!4m7!3m6!1s0x182f1bc492a7f26b:0x5d550d4d6e692f5f!8m2!3d-1.3008846!4d36.7792546!16s%2Fg%2F11gh46x6mz!19sChIJa_KnksQbLxgRXy9pbk0NVV0?authuser=0&hl=en&rclk=1","Bigfoot Adventures Kenya","4.8","(147)","Tour operator","·","","·","Suna Rd","Closed","· Opens 8 AM Thu","https://lh3.googleusercontent.com/gps-cs-s/AHVAweqDv1OK8jC1BQg2jmRCXewy1Gq7Qq43mxmZTD4IRHZitgtJyzvJlDxRKAuaR9cNpENjONuQ9nrEMmkMhI5i4Ot-GzEkw1trZAvuquUEHzrTOpraBWhr3b08mhOxim6dk8wu866FoNgS89Y=w80-h106-k-no","https://ssl.gstatic.com/local/servicebusiness/default_user.png","""You made us laugh and ensured our long ride was enjoyable and educational.""","",""
"https://www.google.com/maps/place/Aanika+Karibu+Safaris+in+Kenya/data=!4m7!3m6!1s0x182f11ab4a93f14b:0x81def467543fdda1!8m2!3d-1.2840689!4d36.8203373!16s%2Fg%2F1ptxvlhyy!19sChIJS_GTSqsRLxgRod0_VGf03oE?authuser=0&hl=en&rclk=1","Aanika Karibu Safaris in Kenya","4.8","(994)","Tour operator","·","","·","portal Place house Muindi mbingu street 4th floor","Open 24 hours","","https://lh3.googleusercontent.com/gps-cs-s/AHVAwerbveWuFzzcl6IBY4BfM9Ij4YLwydzi4GQ6n9D9ci5FUfoW1Vgmez8xdGRLArL138mVsNQ5ab11iB6qg1GIvB1zzeAd0Y9XJzNVhsJC2ORPjbJhLLsIu-JHx7nRAeyIpWfUCthKpw=w122-h92-k-no","https://ssl.gstatic.com/local/servicebusiness/default_user.png","""Had a fabulous time and nest experience...highly recommend them""","",""
"https://www.google.com/maps/place/Twin+Rivers+Resort+Tigoni/data=!4m7!3m6!1s0x182f23e354e368b5:0xb4297a8ed29eadcb!8m2!3d-1.1638214!4d36.7290561!16s%2Fg%2F11tjp3g0mp!19sChIJtWjjVOMjLxgRy62e0o56KbQ?authuser=0&hl=en&rclk=1","Twin Rivers Resort Tigoni","4.5","(402)","Park","·","","·","Raini Goldhandas Rd","Closed","· Opens 10 AM Thu","https://lh3.googleusercontent.com/gps-cs-s/AHVAweq-pSCOxYeWKEEQslSmx2hzB0fOHGBo5qLynEuNpI8ukYFo50HzrJWTqu8v-4hBKMVDgBt3NYZgo3h5LPd7_z4loc_lAN9v-2q0K-1WUN6_KnkMcNAfQjrWme5wfaIGuU8s9c32A2hczBqF=w122-h92-k-no","https://ssl.gstatic.com/local/servicebusiness/default_user.png","""Plenty of","activities",", beautiful greenery, fresh and lots of space."""
"https://www.google.com/maps/place/Amboseli+National+Park/data=!4m7!3m6!1s0x18309e7455555555:0x8405eed269adf949!8m2!3d-2.6382407!4d37.2284844!16zL20vMDN6eTNm!19sChIJVVVVVXSeMBgRSfmtadLuBYQ?authuser=0&hl=en&rclk=1","Amboseli National Park","4.7","(5,268)","National park","·","","Nature preserve for wildlife viewing","","Closed","· Opens 6 AM Thu","https://lh3.googleusercontent.com/gps-cs-s/AHVAwepNpeAe1A8ZLXDEZUb79-uWiLbdxq1uAPuhmJyyoSWVDrYuontdYo0A9BQmQDXWgHOGfc4RYHhXxXMsROJaHOfFPrPGNM82lB7z1jmofSw7xc4FtB_c4w-s_kQGKMUJSE_JmXBfiw=w88-h92-k-no","https://ssl.gstatic.com/local/servicebusiness/default_user.png","""Diversified, well kept and wild!""","",""
"https://www.google.com/maps/place/PEC+Nature+Park+formerly+PEC+Nature+Camp/data=!4m7!3m6!1s0x182fab1b2c899adf:0x1258f32b22047abf!8m2!3d-1.4752799!4d36.6539491!16s%2Fg%2F11gr376chr!19sChIJ35qJLBurLxgRv3oEIivzWBI?authuser=0&hl=en&rclk=1","PEC Nature Park formerly PEC Nature Camp","4.3","(148)","Park","·","","Corner Baridi","","Open 24 hours","","https://lh3.googleusercontent.com/gps-cs-s/AHVAweqCy1bI_EMdUBv9u02IkIZqutCtb42cNjLUalR_ktqn8tEZd_Xho7bPQxXGIjyq__dCnuJjrsldylr8fgQml45ajDBSDNE5U9V2V0Yg-Wd2NyAH38t1Y_FC8SGXm44oYpfyQAJGiw=w122-h92-k-no","https://ssl.gstatic.com/local/servicebusiness/default_user.png","""The best zipline,,,
Safety measures top-notch,,,highly recommended 👏👏""","",""
"https://www.google.com/maps/place/Sheldrick%27s+Falls/data=!4m7!3m6!1s0x18405a69dff3e541:0xb30bf22a49825ec9!8m2!3d-4.2850158!4d39.430849!16s%2Fg%2F11cs4xwcfh!19sChIJQeXz32laQBgRyV6CSSryC7M?authuser=0&hl=en&rclk=1","Sheldrick's Falls","4.6","(243)","Tourist attraction","·","","PC7J+X8X","","","","https://lh3.googleusercontent.com/gps-cs-s/AHVAweozSCGlhSuC-QJS9sEj5U6tFB9-PzqlCFMYpG_8eD5XGsLaENrDt6le1B15RPwU4z75G2cqES3UJXxaDX80nL-zGw9zZgd9aAeL7rlLoc4yyKynsGDlIXidHM-FmPMaK7tvGYc=w80-h106-k-no","https://ssl.gstatic.com/local/servicebusiness/default_user.png","""Exhilarating","fun","after the 2.5km hike."""
"https://www.google.com/maps/place/Funscapes/data=!4m7!3m6!1s0x182f15f4af74d95b:0x19777bbde784a42f!8m2!3d-1.2200072!4d36.8890036!16s%2Fg%2F11ggvxjq5w!19sChIJW9l0r_QVLxgRL6SE5717dxk?authuser=0&hl=en&rclk=1","Funscapes","4.1","(20)","Game store","·","","","","Closed","· Opens 9 AM Thu","https://lh3.googleusercontent.com/gps-cs-s/AHVAweryI98c6aG2TKx7n73BcCepVrgQza5zWg8H9yeIEOrDzczxFyS5a8qtTfHQ6Q5kotmEToGHLgOm1NeJjI87wY4rUscjIP9ULS8lTBV0_5elWinyuouV2tnxTY4P_6j2vE3hCtaayg=w80-h106-k-no","https://ssl.gstatic.com/local/servicebusiness/default_user.png","""... place to stash your kids in the afternoon, good choices of","games",""""
"https://www.google.com/maps/place/Jump+Xtreme+Nairobi/data=!4m7!3m6!1s0x182f17b6c84b617f:0x1bd75bc7cb8f5105!8m2!3d-1.2611605!4d36.8019777!16s%2Fg%2F11kbfsfvg7!19sChIJf2FLyLYXLxgRBVGPy8db1xs?authuser=0&hl=en&rclk=1","Jump Xtreme Nairobi","4.5","(150)","Shopping mall","·","","·","Sarit Centre Mall 2nd Floor Rooftop Garden, Sarit Pio Gama Pinto Road, Karuna Rd","Closed","· Opens 10 AM Thu","https://lh3.googleusercontent.com/gps-cs-s/AHVAwepNc1UPJnn-4-xnG03NDTOWiauY_XJbPzPHp7sPZiVYu4_Neo_j8DtD31AgU8kbHB_MnCKEc9FpUQ_5UUdZN7_UycHSmeEdi6g7psZczPIRjnCM_kDdiosgrkL4yAge_0J2i3SFtA=w80-h106-k-no","https://ssl.gstatic.com/local/servicebusiness/default_user.png","""Many","activities","to keep kids entertained while in a safe environment."""
"https://www.google.com/maps/place/Jangwani+Camp+Sagana/data=!4m11!3m10!1s0x18289942c95a4013:0x875e4dcfc88c5c0c!5m3!1s2026-02-27!4m1!1i2!8m2!3d-0.6683613!4d37.1917997!16s%2Fg%2F11dxdjzx6g!19sChIJE0BayUKZKBgRDFyMyM9NXoc?authuser=0&hl=en&rclk=1","Jangwani Camp Sagana","4.5","(1,589)","3-star hotel","","","","","","","https://lh3.googleusercontent.com/gps-cs-s/AHVAwerXxLBVGDqHO44yysNIjXaes9wFHfVowoCis1tkFsJ2paOTt0FgDs0L50x2tGXgVSS5HIEvME4Lp-s7ngm5gOSj5DhqkEQmD2y23knoGjtF7QYxkFVx1_MOQrGzpwsf4gz80_o_=w122-h92-k-no","https://ssl.gstatic.com/local/servicebusiness/default_user.png","""Best blend of amazing location, lots of","fun activities","and awesome food!!!!"""
"https://www.google.com/maps/place/Tsavo+East+National+Park/data=!4m7!3m6!1s0x183c09376267a721:0x4b11adb0d990b7b8!8m2!3d-2.7848019!4d38.8173558!16zL20vMDNoM2Ru!19sChIJIadnYjcJPBgRuLeQ2bCtEUs?authuser=0&hl=en&rclk=1","Tsavo East National Park","4.5","(6,341)","Tourist attraction","·","","Sprawling wildlife reserve since 1948","","Closed","· Opens 6 AM Thu","https://lh3.googleusercontent.com/gps-cs-s/AHVAweoj6sRTeso0BnG0EU5CJ3Er0gWQssbHVAqC5JKO2L3ViKRDpznP1IkRX3wWcIL081SNCbgnf118zHQk5BWefV3IPQdVQqd8nqDef95jLY9WZuWQ7Amlf3wwH2L5ELP8tQibymLRiw=w137-h92-k-no","https://ssl.gstatic.com/local/servicebusiness/default_user.png","""Something you should experience at least once in your life!""","",""
"https://www.google.com/maps/place/Gravity+Amusement+Park/data=!4m7!3m6!1s0x182f6b90712c56bd:0x9f9da900f1c461bb!8m2!3d-1.228824!4d36.9896057!16s%2Fg%2F11qnt2b3g1!19sChIJvVYscZBrLxgRu2HE8QCpnZ8?authuser=0&hl=en&rclk=1","Gravity Amusement Park","4.3","(539)","Amusement park","·","","·","E. Bypass","Closed","· Opens 9 AM Thu","https://lh3.googleusercontent.com/gps-cs-s/AHVAwera6C3z5fEPNKi5jcck5Z8F4CLf_jO181BXjZ2T4NEBUMqza7iFwwSh6za26E76jvq1Se8O4Biam2zqYiu1WnyQBf4BP5vqoHdCIp81t1_XPO2jXAxq_eQhU8CDOy7N3ecxz0fU1Q=w122-h92-k-no","https://ssl.gstatic.com/local/servicebusiness/default_user.png","""Kids enjoyed the merry-go-round and castle.""","",""
"https://www.google.com/maps/place/LASERLAND/data=!4m7!3m6!1s0x182f1bd8d3e28395:0x6ca577e6212057b6!8m2!3d-1.3410186!4d36.7521191!16s%2Fg%2F11nnv9jlsd!19sChIJlYPi09gbLxgRtlcgIeZ3pWw?authuser=0&hl=en&rclk=1","LASERLAND","4.6","(157)","Amusement center","·","","","","Closed","· Opens 10 AM Thu","https://lh3.googleusercontent.com/gps-cs-s/AHVAwepgB8uH5bZ2s8eoB7lb_mieAT3tgpkhIRe3PgO46vYIACBodmnT-X5h7xTP4lkypCypCz5TyZzbgb50TylFQK8I_uXaE1wsuEQmg8Zfk4HdWDAEca-ELeZysqNgnlGWk3kQY6aR=w163-h92-k-no","https://ssl.gstatic.com/local/servicebusiness/default_user.png","""A","fun","filled facility with exciting"
"https://www.google.com/maps/place/Funscapes+Two+Rivers+Theme+Park/data=!4m7!3m6!1s0x182f3dc0bf5a3d87:0xce0e27082d26f3d0!8m2!3d-1.2090689!4d36.7962022!16s%2Fg%2F11fm6jx908!19sChIJhz1av8A9LxgR0PMmLQgnDs4?authuser=0&hl=en&rclk=1","Funscapes Two Rivers Theme Park","4.5","(2,174)","Amusement park","·","","·","QQQV+CR3, Limuru Road, Northern Bypass Rd","Closed","· Opens 9 AM Thu","https://lh3.googleusercontent.com/gps-cs-s/AHVAwersEPcITdST8U1JmGbjUi-EmN5M0k-g_bzOw1ynM6Q9ipzoXcmhtiAAJJYxcUwncF7l9MrhPmk_v_BxEZWk1Xs7gvCClo13fvm3Oj4Ovf7KdoPIgjTLqf19BQsPT19Hns4ygKV3=w163-h92-k-no","https://ssl.gstatic.com/local/servicebusiness/default_user.png","""It has very exciting","activities","for both children and older persons."""
"https://www.google.com/maps/place/Maji+Magic/data=!4m7!3m6!1s0x182f1b38f6fe4ba7:0xb2ab2758181e2b8!8m2!3d-1.3291914!4d36.7158394!16s%2Fg%2F11hdngd853!19sChIJp0v-9jgbLxgRuOKBgXWyKgs?authuser=0&hl=en&rclk=1","Maji Magic","4.4","(750)","Water park","·","","·","The Waterfront Mall, Langata Rd","Closed","· Opens 9:30 AM Thu","https://lh3.googleusercontent.com/gps-cs-s/AHVAwerGZUp8uhVSvuB4NGzBKh_yherqllRfkFODjgdRKj5sAC8o8OMDwbmCOIKEauqL4TwnhHE2f5zebnoVO2TEA2FEIOloER17a0wGBx7SP8CruEXjJSf9ZrfSIN-yFRZH9duZYVwM=w163-h92-k-no","https://ssl.gstatic.com/local/servicebusiness/default_user.png","""They offer a lot of discount for the kids and free rides too.""","",""
"https://www.google.com/maps/place/Vipe+Fun+Park-Ruiru/data=!4m7!3m6!1s0x182f47c2054f0145:0xc91c126e9a535d76!8m2!3d-1.138739!4d36.9647127!16s%2Fg%2F11np3p3l91!19sChIJRQFPBcJHLxgRdl1Tmm4SHMk?authuser=0&hl=en&rclk=1","Vipe Fun Park-Ruiru","4.0","(258)","Children's amusement center","·","","·","Mugutha","Closed","· Opens 9 AM Thu","https://lh3.googleusercontent.com/gps-cs-s/AHVAweo6YUNYN71GCbOZddq_6DHL3HZ9uhvoGU9WYMVjjtzV55SslHZ_aaaotTEUak2ARz95Mi_Q8Gx9BdLWxq_weISNF-yYm5-Y3pNe75mOybJgQWgtSXT5e4SX_nt_llbdSk2kAAQ5=w122-h92-k-no","https://ssl.gstatic.com/local/servicebusiness/default_user.png","""Big swimming pool, bouncing castle, and other kids items""","",""
"https://www.google.com/maps/place/Burudani+adventure+park/data=!4m7!3m6!1s0x182f29600ed5bcb5:0xbe1060ce109570d7!8m2!3d-1.0931286!4d36.6692821!16s%2Fg%2F11q9hqm0x9!19sChIJtbzVDmApLxgR13CVEM5gEL4?authuser=0&hl=en&rclk=1","Burudani adventure park","4.6","(658)","Park","·","","","","","","https://lh3.googleusercontent.com/gps-cs-s/AHVAwepUpt8dj5C1spJ2bUvZRyIUtdCcBIDfSQ_Z4EBSb0oo6Aw8QM_UjSlRdTdLqxXBl6fPZapRfRO8vbRSNV5YS7FYxOgrm-8gWFa7fihvSXW5-jNhQB_wXHyEzeweD3NzHkYppKf5ww=w80-h120-k-no","https://ssl.gstatic.com/local/servicebusiness/default_user.png","""The kids had a blast with the treasure hunt, high ropes, and zip lining.""","",""
"https://www.google.com/maps/place/Bounce+and+Play/data=!4m7!3m6!1s0x182f17ebad659097:0x1a5406d86cf47209!8m2!3d-1.2707119!4d36.8129802!16s%2Fg%2F11v3zpn2j9!19sChIJl5BlresXLxgRCXL0bNgGVBo?authuser=0&hl=en&rclk=1","Bounce and Play","4.9","(648)","Children's amusement center","·","","·","BroadWalk Mall, 2nd Floor Ojijo Rd","Closed","· Opens 10 AM Thu","https://lh3.googleusercontent.com/gps-cs-s/AHVAwerZS9iTDgQHw57pTu8CfxbyLXXiYH8xzmdUyetHmbv-nsMxtL_5tnois49TmFFRT8sErrYv8aN0qxDDtB7ToZeWf6LMhni6QMHRWPyoSxIh-NFI_RFP3lBymyLDRL3RatS-Htrs0sffmBH5=w122-h92-k-no","https://ssl.gstatic.com/local/servicebusiness/default_user.png","""The sheer variety of","activities","kept everyone engaged and entertained."""
"https://www.google.com/maps/place/Nkasiri+Adventure+Park/data=!4m7!3m6!1s0x182fa11c6fd69923:0x9517811c8cd7a36!8m2!3d-1.5300625!4d36.8598125!16s%2Fg%2F11ql1hdjgw!19sChIJI5nWbxyhLxgRNnrNyBF4UQk?authuser=0&hl=en&rclk=1","Nkasiri Adventure Park","4.3","(729)","Amusement park","·","","·","FV95+XW, Acacia Feeder Road","Open 24 hours","","https://lh3.googleusercontent.com/gps-cs-s/AHVAwepz15Kpu-HtTp4RoLPOPR5KOveTpGDZ7MErXmRX2R7enqF__J_DA4AOgGLL2yppGsSLn6JrFqDHuI_BsZnXA8G6rXAf7nXoUOHTWuzxXvtZD3frbcPx2x-M191DzukqjLhOVcE=w122-h92-k-no","https://ssl.gstatic.com/local/servicebusiness/default_user.png","""They have","fun activities",",  friendly staff, and expansive field."""
"https://www.google.com/maps/place/Playland+Amusement+Park/data=!4m7!3m6!1s0x182f11c92f125a51:0x5efee92f3966d708!8m2!3d-1.3237716!4d36.8440371!16s%2Fg%2F11h56w3hj9!19sChIJUVoSL8kRLxgRCNdmOS_p_l4?authuser=0&hl=en&rclk=1","Playland Amusement Park","4.3","(451)","Amusement park","·","","·","Nextgen mall, Mombasa Road","Closed","· Opens 10 AM Thu","https://lh3.googleusercontent.com/gps-cs-s/AHVAwepqlB3CdK4ADyHBxRzIfOzdLphdKeYUbd38t6lU-Lni1inB_8Ymy0MUFfj2wNTqfQ7zvzNBLChB0YrOzZ-uOrB466bAirbt4E0Wwa2Zrl0wXwj2TieZIwS2fAkNVvnId0wEdznokA=w80-h106-k-no","https://ssl.gstatic.com/local/servicebusiness/default_user.png","""Virtual","games",", slides, trampolines and quick snacks 🍩  on offer..."""
"https://www.google.com/maps/place/The+Hub+Park/data=!4m7!3m6!1s0x2202d65c8c6a1dd:0x2531ce62f8ef73c5!8m2!3d-1.3198739!4d36.7040752!16s%2Fg%2F11w9057ryy!19sChIJ3aHGyGUtIAIRxXPv-GLOMSU?authuser=0&hl=en&rclk=1","The Hub Park","4.8","(921)","Amusement center","·","","·","The hub, Dagoretti Rd","Closed","· Opens 10 AM Thu","https://lh3.googleusercontent.com/gps-cs-s/AHVAweoRQTFLVfKhxqle3W_q0CeTYV-caI_3ZgbBYPCHDFcIBA3K3QSqPk89vqbJrEFL_26Qmx_pxT97E7Y1EZubV8snkHLXJBejzdhCZef3LKTyvor3ybUKg-kLAKc5J9gNdfkkv7eoEdHe5M1Z=w138-h92-k-no","https://ssl.gstatic.com/local/servicebusiness/default_user.png","""They bounced in trampoline park,obstacle courses and much more.""","",""
"https://www.google.com/maps/place/Paradise+Lost,+Kiambu/data=!4m7!3m6!1s0x182f3daaf743f58f:0x39d71e56621526e1!8m2!3d-1.1914503!4d36.8271375!16s%2Fg%2F113dpmrmn!19sChIJj_VD96o9LxgR4SYVYlYe1zk?authuser=0&hl=en&rclk=1","Paradise Lost, Kiambu","4.3","(1,248)","Picnic ground","·","","·","Kiambu road Glory road Paradise lost road","Open 24 hours","","https://lh3.googleusercontent.com/gps-cs-s/AHVAwerduvr03CeJAtzMGlYslVSlWgUSKzneGI4ghP_sOHPhWYEM5YHjagcmFF0le4UZC6xy9KzEXtUUPC8XG4-II6KqPAtuO5cA2c1u6VcuSW71fJF2Qpxv9eWLgzl97XbZY90zoG2F=w163-h92-k-no","https://ssl.gstatic.com/local/servicebusiness/default_user.png","""zip lining, boat ride, and nature trail.""","",""
"https://www.google.com/maps/place/Afro+Sayari+-+Ruai+Bypass/data=!4m7!3m6!1s0x182f6af159c3e9b3:0x58b0404ccc4f1416!8m2!3d-1.2342568!4d36.9911257!16s%2Fg%2F11c52_q8c0!19sChIJs-nDWfFqLxgRFhRPzExAsFg?authuser=0&hl=en&rclk=1","Afro Sayari - Ruai Bypass","4.2","(5,007)","Theme park","·","","·","Eastern Bypass","Open","· Closes 11:30 PM","https://lh3.googleusercontent.com/gps-cs-s/AHVAwepiC_AiM2ueHBHsg21uUFwY_ZywS3Xb_K5dO_-RFUBJ-yA6TZ_5UFCzNAVkuos6JUI-77lTgjRutd3TsE41sLCSZpXxaX2SL1oxANprMBT82fpq77AWM5J9ORMGD4GgHHo0RYQr=w194-h92-k-no","https://ssl.gstatic.com/local/servicebusiness/default_user.png","""There is bouncing castles and cars for children to ride,  swimming pool.""","",""
"https://www.google.com/maps/place/Giraffe+Centre/data=!4m7!3m6!1s0x182f05a9a4e927d3:0xe161fe0b53c6351f!8m2!3d-1.3763639!4d36.7443169!16zL20vMDltOTBq!19sChIJ0yfppKkFLxgRHzXGUwv-YeE?authuser=0&hl=en&rclk=1","Giraffe Centre","4.6","(17,057)","Tourist attraction","·","","·","Duma Rd","Closed","· Opens 9 AM Thu","https://lh3.googleusercontent.com/gps-cs-s/AHVAweqbp5vrhfPPFMyuihxetxwmtGI2UHFfgHXYpY1_k3LNGE-FPpXrRPvwXUo_7yUS0UiDm-CYI8u2uebfirQapyS0Ot4lqa-IjYWkwdv14CFJ0DtiJd7IHVb5QN2Kwt_PmxalaL8=w122-h92-k-no","https://ssl.gstatic.com/local/servicebusiness/default_user.png","""Went here with 3 adults, 6 kids and a toddler and it was so much","fun","."""
"https://www.google.com/maps/place/Nairobi+National+Park/data=!4m7!3m6!1s0x182f0fbbde36bc45:0x6f9671d1966870ec!8m2!3d-1.3824923!4d36.86102!16zL20vMDQ1d3pi!19sChIJRbw23rsPLxgR7HBoltFxlm8?authuser=0&hl=en&rclk=1","Nairobi National Park","4.5","(11,241)","Tourist attraction","·","","Safaris amid lions, leopards & giraffes","","Closed","· Opens 6 AM Thu","https://lh3.googleusercontent.com/gps-cs-s/AHVAwepLFGiiaE4w1NldvFzAKkL4W_5KaEBXEO9BOuCSM9Xm49ZlNTznTjKFDjf79TwU-MEJTMDTOItxtZNRSapdClqavLmw3qFpA9btk_P1QwgJINXLp4mIRA281uDzieOzen2eLV0n=w122-h92-k-no","https://ssl.gstatic.com/local/servicebusiness/default_user.png","""It was","fun","enjoyable the surrounding was superb the fee was fair enough"""
"https://www.google.com/maps/place/Escape+Room+Kenya/data=!4m7!3m6!1s0x182f1b65b4ebceaf:0xed4177ba1dda9b09!8m2!3d-1.329988!4d36.6803992!16s%2Fg%2F11c2k98619!19sChIJr87rtGUbLxgRCZvaHbp3Qe0?authuser=0&hl=en&rclk=1","Escape Room Kenya","4.6","(189)","Escape room center","·","","·","Ngong Rd","Closed","· Opens 11 AM Thu","https://lh3.googleusercontent.com/gps-cs-s/AHVAwerk60BACWAf9WqVzTs86Bh1xYCWfHPHkIo-iMsD7ecIyb7pMnHK-_C468Yc8i9nLCr09njY-LuUMMUaGjupVsAeHQIV7VkRlAohYzgRbFtXjAQCNT4dSfQNN3PvrrcCCIrVRT1ovg=w80-h106-k-no","https://ssl.gstatic.com/local/servicebusiness/default_user.png","""Excellent design,","interesting","puzzles, helpful staff!"""
"https://www.google.com/maps/place/Funcity+Gardens+Utawala/data=!4m7!3m6!1s0x182f6b5ebb676e43:0x4b01910e28e7331a!8m2!3d-1.2739634!4d36.9707537!16s%2Fg%2F11cn9skd56!19sChIJQ25nu15rLxgRGjPnKA6RAUs?authuser=0&hl=en&rclk=1","Funcity Gardens Utawala","4.2","(3,951)","Recreation center","·","","·","PXGC+6PM, Utawala","Closed","· Opens 6:30 AM Thu","https://lh3.googleusercontent.com/gps-cs-s/AHVAweqVd0rGfQhbgHdTInSJVN7HJe4zps3IJaZotHeBjAn-QT1xhTFgUf8Wx6lmlU1UZYLZaPiq7zvkj3ZlM7eydyforNvnzG2Mng_BoIjTlfAe6M11gjG0u4HaYCV7g5D4ZzW2GeQ=w163-h92-k-no","https://ssl.gstatic.com/local/servicebusiness/default_user.png","""The children's playing floor has fantastic","games","and very helpful staffs."""
"https://www.google.com/maps/place/Magic+Planet/data=!4m7!3m6!1s0x182f3d44d1c1b8af:0xefa229db75ebd5b9!8m2!3d-1.2099065!4d36.7960181!16s%2Fg%2F11hcqbt2w8!19sChIJr7jB0UQ9LxgRudXrddspou8?authuser=0&hl=en&rclk=1","Magic Planet","4.5","(181)","Amusement center","·","","·","level -2, Two Rivers Mall","Closes soon","· 9 PM · Opens 9 AM Thu","https://lh3.googleusercontent.com/gps-cs-s/AHVAweoajbu_Mns6FwWUPGGSC6qh2eiT3D2uGS-QNTNHIA-O2LJNxbPb_h1buMfAyjLVMb0gNYmCVk_kX3tMLxJMMBiaioTLDApawfyBe4I6eVVQJ65ulmyAocaqx_Zlp6US-dJ1n7XF=w122-h92-k-no","https://ssl.gstatic.com/local/servicebusiness/default_user.png","""A scenic place with a beehive of amusement and play items.""","",""
"https://www.google.com/maps/place/Njine+Kabia+Falls/data=!4m7!3m6!1s0x1828810ab259498d:0x22bb5c956876fe46!8m2!3d-0.4942093!4d37.2950597!16s%2Fg%2F11k4fvfg29!19sChIJjUlZsgqBKBgRRv52aJVcuyI?authuser=0&hl=en&rclk=1","Njine Kabia Falls","4.4","(137)","Outdoor activity organiser","","","","","Closes soon","· 9 PM · Opens 9 AM Thu","https://lh3.googleusercontent.com/gps-cs-s/AHVAwerMhgaJ_XBj2udzvXUO-j8wxcPeOH5_jXCXc43xsFIzoRq7abTsN2Mm2iU5zZze_CaMpcKkyfkKB4hDsTDC5TT2Vlg3R1sdIZ0mGtxHQ2y-ckIj7C3RlfdzPawUXDjAxP6wU8w=w138-h92-k-no","https://ssl.gstatic.com/local/servicebusiness/default_user.png","""Beautiful scenery,","fun games",", friendly staff, tasty food 👌🏽"""
"https://www.google.com/maps/place/Under+The+Sea/data=!4m7!3m6!1s0x182f1712a16dcd69:0x1ddd3e8aab0f7a68!8m2!3d-1.2305786!4d36.8042971!16s%2Fg%2F11fj3fk1j6!19sChIJac1toRIXLxgRaHoPq4o-3R0?authuser=0&hl=en&rclk=1","Under The Sea","4.1","(167)","Indoor playground","·","","·","Limuru Rd","Closed","· Opens 9 AM Thu","https://lh3.googleusercontent.com/gps-cs-s/AHVAwep-0X_Y_VjNQ0-9Bab9dkczTvcl-65wVxK-3bEQA5YtSeXg1gfjBQ9P8RG1JFkOrEE87HETuC-zs80CNMmQyUH7Pf13UgB5GqIIjcFhlNQDLjvFbyy5GWb1vHChkLZidPgZD8UZVw=w80-h106-k-no","https://ssl.gstatic.com/local/servicebusiness/default_user.png","""Cool kids destination with lots of kids","games",", maze, Slides,"""
"https://www.google.com/maps/place/Kids+Fun+Activities+Nairobi/data=!4m7!3m6!1s0x182f1b531cb353e9:0x252042b7259a94c9!8m2!3d-1.298515!4d36.7619412!16s%2Fg%2F11s5xls0yn!19sChIJ6VOzHFMbLxgRyZSaJbdCICU?authuser=0&hl=en&rclk=1","Kids Fun Activities Nairobi","4.8","(4)","Children's party service","·","","·","Junction Mall","Open 24 hours","","https://lh3.googleusercontent.com/gps-cs-s/AHVAwerKNsViF2UbGUhmUv17zvyL0r2Pb4t8CCijHk5owrXRTYz_ujskZymcFEXyGqw4dKJvtu3c2G-sKD_5CwC-NXSwo2I0gixIikZIEzofdTkqrDvWst0CGlAmmaA0KTeolFDhenqt6lfztqYR=w122-h92-k-no","https://ssl.gstatic.com/local/servicebusiness/default_user.png","""Kids","Fun Activities","added a special touch to our event."""
"https://www.google.com/maps/place/funland+amusement+park/data=!4m7!3m6!1s0x182fa1428091ac69:0x81563e2b585813ff!8m2!3d-1.5221983!4d36.9459551!16s%2Fg%2F11lkyx9vtm!19sChIJaayRgEKhLxgR_xNYWCs-VoE?authuser=0&hl=en&rclk=1","funland amusement park","4.3","(47)","Amusement center","·","","·","kajiado kitengela","Closed","· Opens 9 AM Thu","https://lh3.googleusercontent.com/gps-cs-s/AHVAweqDflaWMFHJ5f90WtTYoxtZQ7hQnqeauasi2HUl8MnGmzMByyhiZzf7RSjPSp61sFlkOgXoSC6DPVp6WKx2Z7V-RzfpqDe8NLKMPGgIreUiWzajSbtMn0L4sDPAHV29F_gQ_YI=w194-h92-k-no","https://ssl.gstatic.com/local/servicebusiness/default_user.png","""@Ksh.600 your kid can play all available facilities including slings.""","",""
"https://www.google.com/maps/place/Jump+by+Flying+Fox/data=!4m7!3m6!1s0x182f1b58ca40b939:0xfda6ad693ad17aef!8m2!3d-1.3204674!4d36.7038567!16s%2Fg%2F11srbk3lt1!19sChIJOblAylgbLxgR73rROmmtpv0?authuser=0&hl=en&rclk=1","Jump by Flying Fox","4.8","(94)","Adventure sports center","·","","·","The Hub, Jump by Flying Fox, 09 Langata Rd","Closed","· Opens 12 PM Thu","https://lh3.googleusercontent.com/gps-cs-s/AHVAweqvsMRtDm4Mpnyi86h_8D_ZtXv4apjxPStHS0nJl6NBDauG5zRO7hzo9f80V6WDgrqUB2lT59xHNeo97cvSATqGjMObuun4A9Jw5r25iWD0rSkcKqFCcLrIqcqEsMfd0QaTx98Zlg=w92-h92-k-no","https://ssl.gstatic.com/local/servicebusiness/default_user.png","""I had so much","fun","and the instructors were so friendly and extremely patient"""
"https://www.google.com/maps/place/Snake+Park/data=!4m7!3m6!1s0x182f17b73f48679b:0x22bc705d4c50320a!8m2!3d-1.2746661!4d36.8148014!16s%2Fg%2F11jgm2z_mx!19sChIJm2dIP7cXLxgRCjJQTF1wvCI?authuser=0&hl=en&rclk=1","Snake Park","4.3","(1,439)","Zoo","·","","·","Prof. Wangari Maathai Rd","Closed","· Opens 8:30 AM Thu","https://lh3.googleusercontent.com/gps-cs-s/AHVAweoB1uDfrf53MxAV0jTu2dtw9uIn-wiTYB96WP7JBYfam2UJWkB_quZ_msAefNn5vQBVnWlDJu_i4oLhNjYWsR7hePFmmLyZaQURC7ar33Cx6n9et1npHe0CoxP1lKqIwUG6jdVz=w80-h142-k-no","https://ssl.gstatic.com/local/servicebusiness/default_user.png","""You can get a guide to lead you on or you can explore on your own.""","",""
"https://www.google.com/maps/place/The+Forest+Adventure+Centre+and+Restaurant/data=!4m7!3m6!1s0x1828d85790d697a5:0x7aa1728d4d9b32d8!8m2!3d-0.9573989!4d36.6545587!16s%2Fg%2F11c58q86v2!19sChIJpZfWkFfYKBgR2DKbTY1yoXo?authuser=0&hl=en&rclk=1","The Forest Adventure Centre and Restaurant","4.7","(2,970)","Adventure sports center","·","","·","Kimende Kimende KE","Closed","· Opens 8:30 AM Thu","https://lh3.googleusercontent.com/gps-cs-s/AHVAwep-ppfavjud9qFQq9A3-Lc2wupSqjdVCI_QWjzmWX8dr6e5BkU76T5bWEeI16gOjL1zP6ZYaT2P76tgh2BrEQjAtN5xcT0e4KI8OdCp0vPJfMkKK-SUtIgBUjH4e4FNfhIXrQ=w162-h92-k-no","https://ssl.gstatic.com/local/servicebusiness/default_user.png","""Plenty of","activities","to choose from from all ages at a reasonable price"""
"https://www.google.com/maps/place/THE+JUNGLE+Sarit+Centre/data=!4m7!3m6!1s0x182f173b4178ad01:0x3513aac933467782!8m2!3d-1.261176!4d36.8022989!16s%2Fg%2F11qg4kvwgt!19sChIJAa14QTsXLxgRgndGM8mqEzU?authuser=0&hl=en&rclk=1","THE JUNGLE Sarit Centre","4.0","(30)","Children's amusement center","·","","·","Sarit Centre, Karuna Rd","Closes soon","· 9 PM · Opens 10 AM Thu","https://lh3.googleusercontent.com/gps-cs-s/AHVAwer29ZhI6UqWtFQqOGXtRb2azam3isp__RLkKCRwd0BaMIphBm4MfCy2lWAnLHgc_ZHJGPgm6WBhHvUlT-79OuHwa9qxgVzYJslaoDOQ38hzOI6OHs7i5zcyKK8Lpeg33X5Q1MYh-w=w80-h106-k-no","https://ssl.gstatic.com/local/servicebusiness/default_user.png","""An amazing place for kids to play while you busy yourself at the Sarit mall.""","",""
"https://www.google.com/maps/place/Adventures+In+Kenya+-+Adventure+Escapades/data=!4m7!3m6!1s0x182f170dbbd7be6d:0x7b25efdb95261db4!8m2!3d-1.251571!4d36.756682!16s%2Fg%2F11ry9dj7zz!19sChIJbb7Xuw0XLxgRtB0mldvvJXs?authuser=0&hl=en&rclk=1","Adventures In Kenya - Adventure Escapades","5.0","(14)","Outdoor activity organiser","·","","Loresho, Loresho Grove","","Closed","· Opens 7:30 AM Thu","https://lh3.googleusercontent.com/gps-cs-s/AHVAweq0NR_Hm2brju1X7kZqL-NQc-GJKuBhSi8OgD8uD5f3Fv75-5nUULohUUywu5QMgxnXj2LnMkCZOpTSLbUpzgD6lvT2tX4_uRB9MhZAhCr6YCRw5ArYJ3xdn9akmwzxsJYO2A-F=w80-h142-k-no","https://ssl.gstatic.com/local/servicebusiness/default_user.png","""Had a fantastic experience with Adventure Escapades.""","",""
"https://www.google.com/maps/place/Ozone+Trampoline+Park/data=!4m7!3m6!1s0x182f17ec10a2f96d:0x741044b88dd1de71!8m2!3d-1.2300637!4d36.8044259!16s%2Fg%2F11fj3fmydg!19sChIJbfmiEOwXLxgRcd7RjbhEEHQ?authuser=0&hl=en&rclk=1","Ozone Trampoline Park","4.5","(231)","Recreation center","·","","·","Limuru Rd","Closed","· Opens 9 AM Thu","https://lh3.googleusercontent.com/gps-cs-s/AHVAwept2VKGDS51pvddJni9r8iHzgcxC4H-fAKQzANeBBmxr1ty2Qw1CaarRhvdtX1QKy-9iEvuxf4D9vJvSbtaRQkkN3Ymxj3NDxEogfAogs_e0Rdvn0eF5QSW_RCKziig_LTMg__m=w122-h92-k-no","https://ssl.gstatic.com/local/servicebusiness/default_user.png","""It's a zone on it's on zone ozone place for kids to enjoy their energy""","",""
"https://www.google.com/maps/place/Gameworks+Kenya+Entertainment/data=!4m7!3m6!1s0x182f3c5692f676c9:0x63df7674799778c7!8m2!3d-1.1817314!4d36.828498!16s%2Fg%2F11fx8zrks1!19sChIJyXb2klY8LxgRx3iXeXR232M?authuser=0&hl=en&rclk=1","Gameworks Kenya Entertainment","4.1","(140)","Recreation center","·","","·","RR9H+895","Closed","· Opens 6 AM Thu","https://lh3.googleusercontent.com/gps-cs-s/AHVAweraDUqILi2T9MHmIqWKMedfLuG2eRt169kiiTP02xo9au5qh6p_s80q_-KknYvvTz81EII7HOA2UevLBMcKBT36jJD4dhT9yfZMdcx6faqy0wWUS1rNYbFUSFvpXhTiQPGkaIj-=w122-h92-k-no","","","",""
"https://www.google.com/maps/place/Kids+Arena+-+Diamond+plaza+II/data=!4m7!3m6!1s0x182f1712c11fdcc3:0x32083b66c9dae2e!8m2!3d-1.258376!4d36.8192642!16s%2Fg%2F11lbdh67m1!19sChIJw9wfwRIXLxgRLq6dbLaDIAM?authuser=0&hl=en&rclk=1","Kids Arena - Diamond plaza II","4.2","(83)","Amusement center","·","","·","2 Fourth Parklands Ave","Closed","· Opens 10 AM Thu","https://lh3.googleusercontent.com/gps-cs-s/AHVAwerBl7kWUBZS_RXbxNrlTTMmXcljQYiflEGL8w0j4gyrYM1dootRBQeUe5RM0rWRk38SBe7hA1z1nG0xINZsJ2XUA7rY9AxG624EQva7gDQ_67CaENPacvyZsWFSGvdh6Sq9BXs=w122-h92-k-no","https://ssl.gstatic.com/local/servicebusiness/default_user.png","""There is iced skating and plenty of kids","activities","."""
"https://www.google.com/maps/place/GMC+Place+-+Kitengela/data=!4m7!3m6!1s0x182fa172ab0211fd:0x2079877f693d9ecb!8m2!3d-1.5195454!4d36.946915!16s%2Fg%2F11h4wpp3w4!19sChIJ_RECq3KhLxgRy549aX-HeSA?authuser=0&hl=en&rclk=1","GMC Place - Kitengela","4.3","(1,715)","Children's amusement center","·","","","","Open","· Closes 11 PM","https://lh3.googleusercontent.com/gps-cs-s/AHVAwerKJThl1q1b8Y23q-RP3Niw3qmm6GZfkFqi8QI8OpX4sQNpySDtIbYjjtry4m6uiyi_cYnNiqCmmreFWN-KY1TOF5ACTl6sl9FKjQxKWf-VOVLwzZ0kykIucvQ4R48z0m0d5TrI=w163-h92-k-no","https://ssl.gstatic.com/local/servicebusiness/default_user.png","""The food was superb, facilities clean and variety of children","activities","."""
"https://www.google.com/maps/place/Psycho+60+Escape+Rooms/data=!4m7!3m6!1s0x182f1a0979494dcd:0xd4dafb741c2c48a9!8m2!3d-1.291755!4d36.778985!16s%2Fg%2F11c73rw_ky!19sChIJzU1JeQkaLxgRqUgsHHT72tQ?authuser=0&hl=en&rclk=1","Psycho 60 Escape Rooms","4.3","(12)","Amusement center","·","","Elgeyo Marakwet North Rd","","Closed","· Opens 9 AM Thu","https://lh3.googleusercontent.com/gps-cs-s/AHVAwepCSffb4gIiaM2OyEOvdFWjN3X1wqZcAbOZFgECv6rSZorProca6WFoetVagOXxgZlejoRJPhn_cO6jFsaGtGSf3eHA5MEemw2gKn3Zr2OZRUPZFlUDefEe3xlWj77YxolehFye3A=w138-h92-k-no","","","",""
"https://www.google.com/maps/place/Adventure+Farm+Karen/data=!4m7!3m6!1s0x182f1d111a9a13f9:0x51b85ed5ac10720c!8m2!3d-1.2985668!4d36.6871017!16s%2Fg%2F11f88pw2xk!19sChIJ-ROaGhEdLxgRDHIQrNVeuFE?authuser=0&hl=en&rclk=1","Adventure Farm Karen","4.2","(147)","Farm","","","","","Closed","· Opens 9 AM Thu","https://lh3.googleusercontent.com/gps-cs-s/AHVAweqduUXbWcP3rBQuVTfE28CPBMJdL8H9mNYIQ5BsSHuHeebYae6ys_aP3rpdDkbWB12fefsdtprZQG1N3yJ_et2v4MgOp2ukQN_CDmTGFQV47bt7jHHVf53tlKKWGAzhI4Q0gDM9=w80-h106-k-no","https://ssl.gstatic.com/local/servicebusiness/default_user.png","""The kids were able to pick some berries before they enjoyed the zip line.""","",""
"https://www.google.com/maps/place/Luna+Park+international/data=!4m7!3m6!1s0x182f165d531cf92f:0x9336a0e556ec20b!8m2!3d-1.2407646!4d36.8454132!16s%2Fg%2F11dz5bjg7p!19sChIJL_kcU10WLxgRC8JuVQ5qMwk?authuser=0&hl=en&rclk=1","Luna Park international","3.9","(165)","Amusement park","·","","","","Open","· Closes 10 PM","https://lh3.googleusercontent.com/gps-cs-s/AHVAwerJXdfON0s9VMgCT7FzNyMTyOeLSRm3jbtDtt7zn-_qw4dktngmpf_CACPwrxptRxlTUzxL7lY5GlL3oTsxUO9ti_T5GJWj0Aa68_8_Ok0vpn7GKUZuqw3GS9caz6fwmjX67r1l=w200-h92-k-no","https://ssl.gstatic.com/local/servicebusiness/default_user.png","""Mostly enjoyed the Merry Go Round and Bumper Car rides.""","",""
"https://www.google.com/maps/place/Funworld+Juja+City+Mall/data=!4m7!3m6!1s0x182f46507f62f589:0xceb53c4c5ab79953!8m2!3d-1.1176787!4d37.0085022!16s%2Fg%2F11c60dgxs0!19sChIJifVif1BGLxgRU5m3Wkw8tc4?authuser=0&hl=en&rclk=1","Funworld Juja City Mall","4.4","(168)","Recreation center","·","","·","City Mall","Closed","· Opens 9 AM Thu","https://lh3.googleusercontent.com/gps-cs-s/AHVAweq6hX3F7g_PaIoIBDAA3lsndelYmdyqBsDv0tF4K-u5i4WNELwBwetedusYOqCKNXAMJRUgeVA4xqWsbzME4xtnwMnk624R1v2KztFouJcp-iJqmsCGr_p0oF6IzXv8Va1vH__GPw=w163-h92-k-no","https://ssl.gstatic.com/local/servicebusiness/default_user.png","""Kids friendly and private for meetings and other adults","things",""""
"https://www.google.com/maps/place/Uhuru+Park/data=!4m7!3m6!1s0x182f11870910363f:0xbd7deccd3c795907!8m2!3d-1.2901673!4d36.8166396!16zL20vMDR6d3hr!19sChIJPzYQCYcRLxgRB1l5PM3sfb0?authuser=0&hl=en&rclk=1","Uhuru Park","4.1","(23,215)","Park","·","","·","23 Uhuru Hwy","Closed","· Opens 9 AM Thu","https://lh3.googleusercontent.com/gps-cs-s/AHVAweqEVB5Oeil6DXhPubdTE3pZwOhtP-6vcE2AIbJyhGdnHjn5Wl9J5wxRM548CHPRVWpg2Q-alVBw02i1Jn_5N4ah3O_ZHrG05eljppgMbdnuwjQYFASwbMXoDH5wZnRtmYhH1Pzzzg=w163-h92-k-no","https://ssl.gstatic.com/local/servicebusiness/default_user.png","""There are all manner of","fun activities","and"
"https://www.google.com/maps/place/Fourteen+Falls+Adventures/data=!4m7!3m6!1s0x182f57c48af427b3:0xdef54b210dc4702e!8m2!3d-1.0768086!4d37.2484288!16s%2Fg%2F11h7bfpy39!19sChIJsyf0isRXLxgRLnDEDSFL9d4?authuser=0&hl=en&rclk=1","Fourteen Falls Adventures","4.0","(404)","Tourist attraction","·","","","","Open 24 hours","","https://lh3.googleusercontent.com/gps-cs-s/AHVAwepZMk3qXUT5C84wkqiUrsdK7iQaoL0iauHrOHbADuOu8LdtBMx2hjcUhmXm8l1IJOYS_8m3f0iantPZQ6xVb8DRyqjLbK8F7XrdWXyTJEmWQJxC-XaNDbVz-YnKRfKzOjg3t8cy=w92-h92-k-no","https://ssl.gstatic.com/local/servicebusiness/default_user.png","""Give the falls a priority you will eradicate boredom""","",""
"https://www.google.com/maps/place/Karura+Forest+%28Gate+D%29/data=!4m7!3m6!1s0x182f1728162a0c91:0x13dbc225cacdc3e3!8m2!3d-1.238245!4d36.8175476!16s%2Fm%2F0fqnpdn!19sChIJkQwqFigXLxgR48PNyiXC2xM?authuser=0&hl=en&rclk=1","Karura Forest (Gate D)","4.6","(193)","Park","·","","·","QR79+47F","","","https://lh3.googleusercontent.com/gps-cs-s/AHVAweq74PqYq4mJlATGdACWlizwfMzPQ2iToRVG37I-9TJxkFkwuc3MSbsUodyW79idTFZoAY5yOq7lDYIQFStIGeDwSzFEZZ6Luc4mGVbFAGNVGShDa503fQl9MhAvi--2jNM8_Ew6=w122-h92-k-no","https://ssl.gstatic.com/local/servicebusiness/default_user.png","""... chilling ger away
Family gathering and team building","activities",""""
"https://www.google.com/maps/place/Savage+Wilderness/data=!4m11!3m10!1s0x18289ee5bb38f655:0x8d20e4b7990ef3f8!5m3!1s2026-02-27!4m1!1i2!8m2!3d-0.7076347!4d37.2454624!16s%2Fg%2F1pp2tznqy!19sChIJVfY4u-WeKBgR-PMOmbfkII0?authuser=0&hl=en&rclk=1","Savage Wilderness","4.5","(700)","2-star hotel","·","","","","","","https://lh3.googleusercontent.com/gps-cs-s/AHVAwepwBNTAwTXr8_BpOIg5lQ2KnXO8F3kvmhq8rRhH-fRyQlcx0WpmAdc7xTwBUqZX_Bih9hJeZglv2ikUseQRJqjyeM6RzmweaViYKFTjNZ3lVdAbb3raLx606MP9WY7baly1WWWc=w163-h92-k-no","https://ssl.gstatic.com/local/servicebusiness/default_user.png","""The kids aged 9 and 10 took the zip-line over Tana river.""","",""
"https://www.google.com/maps/place/Nairobi+Animal+Orphanage/data=!4m7!3m6!1s0x182f1aa9b8854343:0x64ebb60de1016312!8m2!3d-1.336859!4d36.7797851!16s%2Fg%2F1tsvw7z_!19sChIJQ0OFuKkaLxgREmMB4Q2262Q?authuser=0&hl=en&rclk=1","Nairobi Animal Orphanage","4.4","(6,395)","Tourist attraction","·","","·","National Park, Karen, Langata Rd","Closed","· Opens 8 AM Thu","https://lh3.googleusercontent.com/gps-cs-s/AHVAwerC3xkQHGKdAmAxiZ6H2IjqaF5BmGTbuM5Q6xa_WYIt6dv1SyfqBcJqMWWJcL1X5JjfNBrrOs-KfSUzuBqdUXL7msDpWetplrpx_-cVUH1gwDhR6R8Nn3zXNG3YGwlhpp22fiHU=w122-h92-k-no","https://ssl.gstatic.com/local/servicebusiness/default_user.png","""","Fun","affordable activity for the weekend."""
"https://www.google.com/maps/place/Lake+Nakuru+National+Park/data=!4m7!3m6!1s0x18299ad44c2b87a1:0x8ad29aeb6bc48e31!8m2!3d-0.4035304!4d36.0961663!16s%2Fg%2F121qfs73!19sChIJoYcrTNSaKRgRMY7Ea-ua0oo?authuser=0&hl=en&rclk=1","Lake Nakuru National Park","4.4","(5,642)","Tourist attraction","·","","National park with soda lake & wildlife","","","","https://lh3.googleusercontent.com/gps-cs-s/AHVAwermHv1YnpCE6N8y5Ju9MVRFdKnTZNxuognGJgXt7d-TPwEXpzI-810T3ujuiyoVLPnrB70EUep_SSxim4Py3qDIh5YxsiJNOE5dcAGM7gU8T75LyC_Tr3VQI1HO4xoonusxX9I=w137-h92-k-no","https://ssl.gstatic.com/local/servicebusiness/default_user.png","""A truly unforgettable experience—highly recommend.""","",""
"https://www.google.com/maps/place/National+Museum+of+Kenya/data=!4m7!3m6!1s0x182f172e2b30a483:0x24eee4c08364a0f3!8m2!3d-1.2739629!4d36.814425!16s%2Fg%2F11b5phrsg1!19sChIJg6QwKy4XLxgR86Bkg8Dk7iQ?authuser=0&hl=en&rclk=1","National Museum of Kenya","4.5","(11,716)","Tourist attraction","·","","·","Kipande Rd","Closed","· Opens 9 AM Thu","https://lh3.googleusercontent.com/gps-cs-s/AHVAweoVIYo1aOc20uDiid4SzBgCXtCM5ShFr9N2tBXVJ-FrrDVwQfOx3Vgj5K94O5UFpGvp2Mr7Cro5p-7YH0acV7-U0K2cC4d2HV0R8BUdUpstEBAY2RAPXL23mr2gpVlXX4ij5EVo=w80-h105-k-no","https://ssl.gstatic.com/local/servicebusiness/default_user.png","""Museum exhibits was educative,interactive and well done.""","",""
"https://www.google.com/maps/place/Ngong+Hills+Forest+Reserve/data=!4m7!3m6!1s0x182f0221533c8e25:0xb20947eeee2fefc9!8m2!3d-1.4152555!4d36.6417777!16s%2Fg%2F1tm9dk6f!19sChIJJY48UyECLxgRye8v7u5HCbI?authuser=0&hl=en&rclk=1","Ngong Hills Forest Reserve","4.5","(3,726)","Tourist attraction","·","","HJMR+VPR","","","","https://lh3.googleusercontent.com/gps-cs-s/AHVAweorPsyxQ7eBJ0HT3BSCUu2cJ8v5-pVmrg7NZCrnZN3NcamzVt098aNCYf3ShmSVXj_TFVwbIALHuVETLIc68h8suzYdmT4JqPHtouDa0Y-qu3TC9LeclRVV4p4-S1mu-E2MKgs1=w163-h92-k-no","https://ssl.gstatic.com/local/servicebusiness/default_user.png","""Perfect joint for","fun",", zip lining, archery all at affordable prices."""
"https://www.google.com/maps/place/Whistling+Morans+Ltd/data=!4m7!3m6!1s0x182f74602317822b:0xf7dad68026f9cbe0!8m2!3d-1.4153359!4d36.997616!16s%2Fg%2F11gfh7hzhx!19sChIJK4IXI2B0LxgR4Mv5JoDW2vc?authuser=0&hl=en&rclk=1","Whistling Morans Ltd","4.4","(2,439)","Racecourse","·","","·","H2P2+27, Nairobi","","","https://lh3.googleusercontent.com/gps-cs-s/AHVAweoS_hKm8Xza3bOiqochjYny7BjcGb7ZLTvHUXvRwFGaev9OXP_Gb_sPOVs1p9YKyDxOm7MAWPXk332jtcfTiMCv2A4ZLOboij54eaX5791XNErYnsxowztsAdp1lewQEEriS389=w122-h92-k-no","https://ssl.gstatic.com/local/servicebusiness/default_user.png","""The place is big and has many","fun activities","."""
"https://www.google.com/maps/place/Amuse+Kenya/data=!4m7!3m6!1s0xa774c155ca104ef1:0xab2eb62809c8d868!8m2!3d-1.2408053!4d36.7954804!16s%2Fg%2F11rm_xvrq5!19sChIJ8U4QylXBdKcRaNjICSi2Lqs?authuser=0&hl=en&rclk=1","Amuse Kenya","4.6","(19)","Outdoor activity organiser","·","","Thigiri Ln","","Closed","· Opens 7 AM Thu","https://lh3.googleusercontent.com/gps-cs-s/AHVAweoP5BBn2DURm4wBrA-uA_EM0z0gzhSfBxr5VMQwWBZYwRctKXMzWGe2YaO1LkNbn9XM49e-zzhJHk2KAJUAJm37-RlPTxUG2nbWnxejwlOoULoezSLlli98WxIbGWaHS6dImVitJwKWiaql=w138-h92-k-no","https://ssl.gstatic.com/local/servicebusiness/default_user.png","""The long bicycle rides in the forest are the highlight.""","",""
"https://www.google.com/maps/place/Madmax+Karting/data=!4m7!3m6!1s0x182f3deea50a0081:0xbe50a87785cf10c!8m2!3d-1.2103208!4d36.7966397!16s%2Fg%2F11k0yy4tz7!19sChIJgQAKpe49LxgRDPFceIcK5Qs?authuser=0&hl=en&rclk=1","Madmax Karting","4.5","(337)","Go-karting venue","·","","·","Two Rivers Mall, Limuru Rd, Nairobi","","","https://lh3.googleusercontent.com/gps-cs-s/AHVAweqPYRx84PlWABlxie3igMWLm_Ru7XFBibD3dkk4hhvbw3DsZLIq9Anhi8MExOj6qMQa1kZBQU-mN6Ws6P9bHy9v4kI-kxcEtRvYhTQoyUeCG_rWFndKQ_xKk2mRd44dViNhyoVJgQ=w80-h120-k-no","https://ssl.gstatic.com/local/servicebusiness/default_user.png","""Great experience, clean and so much","fun",""""
"https://www.google.com/maps/place/Karen+Blixen+Museum/data=!4m7!3m6!1s0x182f04b9fac13b53:0xac437c7bbfb31de3!8m2!3d-1.35196!4d36.712504!16zL20vMDdwcnpn!19sChIJUzvB-rkELxgR4x2zv3t8Q6w?authuser=0&hl=en&rclk=1","Karen Blixen Museum","4.4","(3,483)","Tourist attraction","·","","·","Karen Rd","Closed","· Opens 8:30 AM Thu","https://lh3.googleusercontent.com/gps-cs-s/AHVAwepMmw-Q_ih29RG3g4OVzb4eR--FAegr0sORr5XgB2g5XGNVDCB7itP1Ao0xZ8i_vgG853_S5mtZvTmMF2nJCKyk0PpuIV9aL3fz_v3HVUgY7dYkcOdOf6oSrjSZZte9z-HXoTAw=w122-h92-k-no","https://ssl.gstatic.com/local/servicebusiness/default_user.png","""... your mats, balls, skipping ropes, and other items for team","activities","."""
"https://www.google.com/maps/place/Garden+City+Kid%27s+Play+Area/data=!4m7!3m6!1s0x182f1515b785dd5f:0xd40b7d55dfdfb941!8m2!3d-1.2315946!4d36.8798432!16s%2Fg%2F11ghpyg3n2!19sChIJX92FtxUVLxgRQbnf31V9C9Q?authuser=0&hl=en&rclk=1","Garden City Kid's Play Area","4.4","(59)","Playground","·","","·","QV9H+9W8, Thika Rd","","","https://lh3.googleusercontent.com/gps-cs-s/AHVAweo5WEcH4dKUEnQrbYCIbmeISGzQQuhDWD_Mv_83BaUnQ9YJb7ZlFnk6pm3CY_sa75MVnKPeuDa3Srvrqjk7iH_OKYtO_Oe14wamU-cLldE7NGzbQQnVujXzG8RjzHJVTVn4h-X2q6WBatJB=w80-h106-k-no","https://ssl.gstatic.com/local/servicebusiness/default_user.png","""We visit garden city kid's area everynow and then for great","leisure","time."""
"https://www.google.com/maps/place/Pins+Entertainment+%7C+Kids+Play+Area+%7C+Games+and+Food/data=!4m7!3m6!1s0x182f17797e8216ff:0x56da46f2daac3d86!8m2!3d-1.2611605!4d36.8019777!16s%2Fg%2F11j97m0ygy!19sChIJ_xaCfnkXLxgRhj2s2vJG2lY?authuser=0&hl=en&rclk=1","Pins Entertainment | Kids Play Area | Games and Food","4.6","(888)","Bowling alley","·","","·","Sarit Centre, Sarit Centre1st Floor Old Wing, Karuna Rd","Open","· Closes 12 AM","https://lh3.googleusercontent.com/gps-cs-s/AHVAweo5nuBQOolqwNcpdrUvfDsJ8lJ9ed6CA2ENcE6rFivjDKF5hK8Ox8bNvCYyNSRQbDh3wZdD2sgz8IL4hq7e6S_Y7RWzql-MwVLOOX16JvUMrA4jtXt-PNBI4iQ8SM4by1qsLup9=w132-h92-k-no","https://ssl.gstatic.com/local/servicebusiness/default_user.png","""The place also offers a jungle for kids,air hockey and pool.""","",""
"https://www.google.com/maps/place/Uhuru+Gardens/data=!4m7!3m6!1s0x182f107238384bf9:0xae995986beacda74!8m2!3d-1.3244622!4d36.798519!16s%2Fm%2F0gy1t_v!19sChIJ-Us4OHIQLxgRdNqsvoZZma4?authuser=0&hl=en&rclk=1","Uhuru Gardens","4.3","(3,991)","Tourist attraction","·","","Historic gardens & Kenya's birthplace","","Closed","· Opens 9 AM Thu","https://lh3.googleusercontent.com/gps-cs-s/AHVAweoMJ70i73NemkRGVyFXH2uISyo4OzlEpT9J6rxgD9ESXI1KAg13BlXWjJmuvrJKhFJ5hjuq7tYAw-QlpEOiahROUNah_O4SgOOsMMmMYc1dwdzNper0ENHcyFtKMuIXrBdhOfxZ8g=w163-h92-k-no","https://ssl.gstatic.com/local/servicebusiness/default_user.png","""Lots to learn and plenty of people/companies to interact with.""","",""
"https://www.google.com/maps/place/Camp+Ndunda+Falls/data=!4m11!3m10!1s0x1827d33f646ca9b3:0xb870ba86aa89270!5m3!1s2026-02-27!4m1!1i2!8m2!3d-0.4878849!4d37.4288694!16s%2Fg%2F11ffvsry1r!19sChIJs6lsZD_TJxgRcJKoaqgLhws?authuser=0&hl=en&rclk=1","Camp Ndunda Falls","4.5","(1,466)","Campground","·","","","","","","https://lh3.googleusercontent.com/gps-cs-s/AHVAweozTx7_EoY_Ez13E2xdNvm91Q7B8HVkFUT6ovfHdv5RZjN0uLctDW2vBngq_peIorVnY7mDM2pU3EZoZvUVeZd9uKsle0i1t6QcbXjzVl052pGsJFh-uN30_ROiogB94EKWiwLe=w163-h92-k-no","https://ssl.gstatic.com/local/servicebusiness/default_user.png","""This place is super lit with lots of","fun activities","and beautiful scenery"""
"https://www.google.com/maps/place/Destinations+Kenya+Safari/data=!4m7!3m6!1s0x182f10d6b06bf181:0xfcd5bed359d3438c!8m2!3d-1.4283944!4d36.978844!16s%2Fg%2F11cjgg3f65!19sChIJgfFrsNYQLxgRjEPTWdO-1fw?authuser=0&hl=en&rclk=1","Destinations Kenya Safari","4.8","(209)","Tour operator","·","","·","Greatwall Gardens, Pridelands","Open 24 hours","","https://lh3.googleusercontent.com/gps-cs-s/AHVAweoCZwFfUXIwctuE-Nnn912wY0yJ51hBVM2cK0gWgTgAIATUNBR3RVZiciXeRqZhmDbmmFDyTthjye4RjQOPHPqNaynwYzD0PvZJT_AefYqNIDJpJ2OH2mTKRmGo_zKBj6ASSuURoyW0BjY=w92-h92-k-no","https://ssl.gstatic.com/local/servicebusiness/default_user.png","""The experience gained is a balance of breathtaking and","fun","-filling."""
"https://www.google.com/maps/place/SuperToto+Fun+Park/data=!4m7!3m6!1s0x182f1f7a0b3124ed:0xf1c9c99716649bd3!8m2!3d-1.2773438!4d36.6182306!16s%2Fg%2F11n5vmy53q!19sChIJ7SQxC3ofLxgR05tkFpfJyfE?authuser=0&hl=en&rclk=1","SuperToto Fun Park","3.4","(5)","Playground","·","","·","Dagoretti Rd","Closed","· Opens 9:30 AM Thu","https://lh3.googleusercontent.com/gps-cs-s/AHVAwer4rGOtSRZGrR1y-oYfg5h24aXV_Mnm-lye2yrfQ6cLN74IyO_wxzCY0wxwM_Nn8UVizy-cL3NdOIycwyz0iJX7Jvx0EHAVmlKSBUph_bb_pioVx4dTXv6jJUGJKKH02vvj33g=w194-h92-k-no","https://ssl.gstatic.com/local/servicebusiness/default_user.png","""When it comes to kids and","fun","...A very nice place"""
"https://www.google.com/maps/place/PaCo+Thrill+Haven/data=!4m7!3m6!1s0x18293d34ff95e167:0x2c42a887e127ea0b!8m2!3d-0.7616673!4d36.4351021!16s%2Fg%2F11q883sscp!19sChIJZ-GV_zQ9KRgRC-on4YeoQiw?authuser=0&hl=en&rclk=1","PaCo Thrill Haven","4.5","(192)","Playground","·","","","","Closed","· Opens 9 AM Thu","https://lh3.googleusercontent.com/gps-cs-s/AHVAweo9aYr6qTrTjKoKsnrUo8c5nVG1jTzHF1biTguFqL4BMd4gqm0PWXUDUGkwGEpBlsxUXLNSUA_XULCVqCVg8oXpXfJFlUrFHn-Iii4qjgn7gmmckB0wxjHepY_4vNOdMbwTMDA6=w138-h92-k-no","https://ssl.gstatic.com/local/servicebusiness/default_user.png","""There are so many","activities","one can do and at very affordable prices."""
"https://www.google.com/maps/place/Westgate+kids+club/data=!4m7!3m6!1s0x182f1761f32184fb:0x843ca30db0f521af!8m2!3d-1.2574226!4d36.8029027!16s%2Fg%2F11h18bg4_5!19sChIJ-4Qh82EXLxgRryH1sA2jPIQ?authuser=0&hl=en&rclk=1","Westgate kids club","3.5","(133)","Playground","·","","·","Mwanzi Rd","Closed","· Opens 9 AM Thu","https://lh3.googleusercontent.com/gps-cs-s/AHVAweqhREAui8j_EnHksOiJO_a6w9p5M33O6VjqQQOByl5XrKboHQFUnnp2-RBM2O7ZOz4B97HkqZ8Ov5c86ZMDJV02eRoutsFcUYeY6xkEL5hT6XZULD0Pbr8YncnsKlC8kNQ2o28wUg=w122-h92-k-no","https://ssl.gstatic.com/local/servicebusiness/default_user.png","""They can play for countless hours without getting bored.""","",""
"https://www.google.com/maps/place/Ol+Njorowa+Gorge/data=!4m7!3m6!1s0x182936ec55555555:0xe9428c5cc16e4460!8m2!3d-0.8946584!4d36.3200984!16s%2Fg%2F11txv1nnrz!19sChIJVVVVVew2KRgRYERuwVyMQuk?authuser=0&hl=en&rclk=1","Ol Njorowa Gorge","4.0","(24)","Tourist attraction","·","","484C+42Q","","","","https://lh3.googleusercontent.com/gps-cs-s/AHVAweobPEu61GQSXyfy3EqRt9cvW5q5Ua60ZD9HOwBu_b1C3Ip8cOog8hA6RRsaa-32qkzHwY_fe--SSUeqo3wvtYrzRMthGtkn2BuobivwuQIwuDScmVv6KF_5Um57DfuumdmZJ2WRvg=w122-h92-k-no","https://ssl.gstatic.com/local/servicebusiness/default_user.png","""Great experience.Its like being in a movie""","",""
"https://www.google.com/maps/place/Gatura+Greens+Tea+Farm+Tour/data=!4m7!3m6!1s0x1828c93e557ee42d:0x193f447f0b1be9f!8m2!3d-0.8801634!4d36.8739967!16s%2Fg%2F11k8g3lvph!19sChIJLeR-VT7JKBgRn76x8Ef0kwE?authuser=0&hl=en&rclk=1","Gatura Greens Tea Farm Tour","4.8","(243)","Farm","·","","·","Thika - Gatura Road 1.5kms from Chomo Market","","","https://lh3.googleusercontent.com/gps-cs-s/AHVAweqOg6BzLJ5hVylXh4zi2y_YN9sVz7V_ETscnHnMgDy_l6AgHHyEeX5tvo_o9cMbb2490CTivOybgIjFlcWiuznPKRLPcRYLlFR-5JOC8GPj0NrPBp3e2jiV-pikZKu_q7-A7f4=w138-h92-k-no","https://ssl.gstatic.com/local/servicebusiness/default_user.png","""It was very","interesting",", interactive and immersive."""
"https://www.google.com/maps/place/City+Park/data=!4m7!3m6!1s0x182f16e0a361a209:0x9e36784a50f9d8a!8m2!3d-1.2631889!4d36.8292105!16s%2Fg%2F11c1v__dsz!19sChIJCaJho-AWLxgRip0PpYRn4wk?authuser=0&hl=en&rclk=1","City Park","4.2","(1,901)","Park","·","","Wooded paths, flowers & monkey feeding","","Open 24 hours","","https://lh3.googleusercontent.com/gps-cs-s/AHVAweop_-QDS90ZyS0KoqtyD3mStUneZt-QRAcZ5xXDKhet5r_S05rCkOmqYMnEECAgGIasahrMHbhCW6jnlnOKJiydpUoWniP1WgeycH_xxHhrRRf2coumDeNcmrVeE-qV7q28xYhq6g=w80-h106-k-no","https://ssl.gstatic.com/local/servicebusiness/default_user.png","""You can also come for an experience with the vervet monkey's.""","",""
"https://www.google.com/maps/place/Samburu+National+Reserve/data=!4m7!3m6!1s0x17888d933c6f7369:0xa2e2dc34ae133bde!8m2!3d0.6110771!4d37.5375057!16zL20vMDN6eTV5!19sChIJaXNvPJONiBcR3jsTrjTc4qI?authuser=0&hl=en&rclk=1","Samburu National Reserve","4.6","(819)","National reserve","·","","Conservation area teeming with wildlife","","","","https://lh3.googleusercontent.com/gps-cs-s/AHVAwernUvqE-3jbomEQKbyJxoXt2r6Eqhk2skGs9xHeav4e9Ejn667nQ4_CX0IDvUX08j7226WfFM8wPZ4XM4EYn87llKX547JjdvDHVyqPEog0uFjf67AGLhQCLfl9Yv8EtiQOAAdBOQ=w137-h92-k-no","https://ssl.gstatic.com/local/servicebusiness/default_user.png","""You engage with community as much as you engage with the animals""","",""
"https://www.google.com/maps/place/Go+To+Mount+Kenya+climbing/data=!4m7!3m6!1s0x182f10d6c4f0f09d:0xfa7f5bd71b577e94!8m2!3d-1.2645559!4d36.7979522!16s%2Fg%2F1tfdhb43!19sChIJnfDwxNYQLxgRlH5XG9dbf_o?authuser=0&hl=en&rclk=1","Go To Mount Kenya climbing","5.0","(30)","Travel agency","·","","204 Sports Rd","","","","https://lh3.googleusercontent.com/gps-cs-s/AHVAweqwb9QtzlOCZrqT34jDIqLy0Oi7fSs4qRtE0BcFyXXVdj4qmIJOWx79-zsnkGUObFLeVEuULZpi3D5Xh1Vt7sgEvuPIPNR7SxnpGhJ286CtJJBeCg-XRjtS0jGTpvk_Butpt0mj=w122-h92-k-no","https://ssl.gstatic.com/local/servicebusiness/default_user.png","""We had an amazing time climbing Mount Kenya in February.""","",""
"https://www.google.com/maps/place/Out+Door+Pursuits+Kenya+%28Endurance+Fun+Club%29/data=!4m7!3m6!1s0x182f0cd93becb39b:0xd2ba14167375e82b!8m2!3d-1.3734936!4d36.9389367!16s%2Fg%2F11gfhght9v!19sChIJm7PsO9kMLxgRK-h1cxYUutI?authuser=0&hl=en&rclk=1","Out Door Pursuits Kenya (Endurance Fun Club)","4.5","(11)","Fitness center","·","","·","JWGQ+JH3","Closed","· Opens 6 AM Thu","https://lh3.googleusercontent.com/gps-cs-s/AHVAweqVnVmFi6Ge_cSL5N1KWBlB_mmh8ipYR3fE5Mj7jTvOZS505rxBaDXUyq9ceQ3Bl_pRZ55Pkqtdf1LP5PeLzrFFqAepcxPWJkpzjmdg1eC_Uv3O4W5Fc9oyF7_IJX8v7_ABX6XF=w122-h92-k-no","","","",""
"https://www.google.com/maps/place/Maasai+Market/data=!4m7!3m6!1s0x182f10d4b6ae74d5:0x3cfc157daed45092!8m2!3d-1.2886351!4d36.8203733!16s%2Fg%2F1tdrbftr!19sChIJ1XSuttQQLxgRklDUrn0V_Dw?authuser=0&hl=en&rclk=1","Maasai Market","4.3","(8,168)","Tourist attraction","·","","·","Supreme Court","Closed","· Opens 9 AM Thu","https://lh3.googleusercontent.com/gps-cs-s/AHVAweof2pQCdpIBva3NzjtI0xLM2tsIcPgjIOGrruqG2hNgqjz-TPxDSxCJKisw8c4UEH9jteMX1KEvyWTtCnBnmVpT8-RI5W0yB96DcDDyZl1Dz1dOHzApiwdZXTBigC1NhRMegnw=w163-h92-k-no","https://ssl.gstatic.com/local/servicebusiness/default_user.png","""A Africa Puzzle Box for 500 Ksh, a small stone plate for 200 Ksh.""","",""
"https://www.google.com/maps/place/Paintball+Fury+-+Kenya/data=!4m7!3m6!1s0x182f1b6618451f49:0xd3212725fd940ca7!8m2!3d-1.3278639!4d36.7135489!16s%2Fg%2F1tdhpprd!19sChIJSR9FGGYbLxgRpwyU_SUnIdM?authuser=0&hl=en&rclk=1","Paintball Fury - Kenya","4.4","(347)","Paintball center","·","","·","The Waterfront","Closed","· Opens 9 AM Thu","https://lh3.googleusercontent.com/gps-cs-s/AHVAweqOupddR56OSsh9IlWunF0fNaF24PtbVomYkOT6-YcdOYSRtFEkkCUc2EIaw2yez9fg3d9UhZiNawE4_73Mcuaxm2kk9C1XrABHcAvD64qNKnm1xoT5rDPICPYgrUeRIEq2_V52=w92-h92-k-no","https://ssl.gstatic.com/local/servicebusiness/default_user.png","""Equipment was in good condition and the atmosphere was","fun","and exciting."""
"https://www.google.com/maps/place/Village+Bowl/data=!4m7!3m6!1s0x182f1785d527e033:0x1bcfa5733936d9fe!8m2!3d-1.229809!4d36.8043655!16s%2Fg%2F11gvz8lxb6!19sChIJM-An1YUXLxgR_tk2OXOlzxs?authuser=0&hl=en&rclk=1","Village Bowl","4.6","(1,169)","Bowling alley","·","","·","Limuru Rd","Open","· Closes 10 PM","","https://ssl.gstatic.com/local/servicebusiness/default_user.png","""Lots of","fun",", well maintained, fair prices"""
"https://www.google.com/maps/place/EXTREME+HIKING+%26+TREKKING+FACILITATOR+KENYA/data=!4m7!3m6!1s0x182f3fef8dc4b9cb:0x48830e3a1d89bd1e!8m2!3d-1.1871807!4d36.8941788!16s%2Fg%2F11n0yq_n4s!19sChIJy7nEje8_LxgRHr2JHToOg0g?authuser=0&hl=en&rclk=1","EXTREME HIKING & TREKKING FACILITATOR KENYA","4.9","(11)","Outdoor activity organiser","·","","Greenvale Hotel, 4th floor Kamiti Rd","","Closed","· Opens 5 AM Thu","","","Onsite services","Online appointments",""
"https://www.google.com/maps/place/Maasai+Mara+National+Reserve/data=!4m7!3m6!1s0x182ce8a64a31fdb1:0x296a9587e0c3c410!8m2!3d-1.4821324!4d35.1299896!16s%2Fg%2F11fz7rpkyr!19sChIJsf0xSqboLBgREMTD4IeVaik?authuser=0&hl=en&rclk=1","Maasai Mara National Reserve","4.7","(3,383)","National reserve","·","","Well-known grassland for safaris","","","","","https://ssl.gstatic.com/local/servicebusiness/default_user.png","""Worth for family outings with lot of","fun activities","for kids."""
"https://www.google.com/maps/place/Two+Rivers+Mall/data=!4m7!3m6!1s0x182f3d454886e4ab:0xc48e63a813496999!8m2!3d-1.2118098!4d36.7956872!16s%2Fg%2F11b6p30wzl!19sChIJq-SGSEU9LxgRmWlJE6hjjsQ?authuser=0&hl=en&rclk=1","Two Rivers Mall","4.6","(26,742)","Shopping mall","·","","·","Limuru Rd","Closed","· Opens 9 AM Thu","","https://ssl.gstatic.com/local/servicebusiness/default_user.png","""The live entertainment was amazing, the","fun","rides and VR, she loved."""
"https://www.google.com/maps/place/Cruzeiro+Safaris+Kenya/data=!4m7!3m6!1s0x182f13efc6fae3ed:0x714f8e5e179b3ad5!8m2!3d-1.2875205!4d36.8809447!16s%2Fg%2F1td5bwx9!19sChIJ7eP6xu8TLxgR1TqbF16OT3E?authuser=0&hl=en&rclk=1","Cruzeiro Safaris Kenya","4.8","(12)","Tour operator","·","","Mumias S Rd","","Open 24 hours","","","https://ssl.gstatic.com/local/servicebusiness/default_user.png","""Guides/drivers were great and the open top car is a must for the park 💯""","",""
"https://www.google.com/maps/place/Village+Bowl/data=!4m7!3m6!1s0x182f1785d527e033:0x1bcfa5733936d9fe!8m2!3d-1.229809!4d36.8043655!16s%2Fg%2F11gvz8lxb6!19sChIJM-An1YUXLxgR_tk2OXOlzxs?authuser=0&hl=en&rclk=1","Village Bowl","4.6","(1,169)","Bowling alley","·","","·","Limuru Rd","Open","· Closes 10 PM","https://lh3.googleusercontent.com/gps-cs-s/AHVAweqinpP7kOJ7rkYYoD0iZWUVmbPVBXf42CXP7fcb-880nkVV9jy0qX85KjdO0XavRk6d515GjDsPFbTLrUItaTkLOTQ0pzBtGO6XfoXelRrcLhOJuccH7vts8Tnhpu-NS1QEGQSCsA=w122-h92-k-no","https://ssl.gstatic.com/local/servicebusiness/default_user.png","""Lots of","fun",", well maintained, fair prices"""
"https://www.google.com/maps/place/EXTREME+HIKING+%26+TREKKING+FACILITATOR+KENYA/data=!4m7!3m6!1s0x182f3fef8dc4b9cb:0x48830e3a1d89bd1e!8m2!3d-1.1871807!4d36.8941788!16s%2Fg%2F11n0yq_n4s!19sChIJy7nEje8_LxgRHr2JHToOg0g?authuser=0&hl=en&rclk=1","EXTREME HIKING & TREKKING FACILITATOR KENYA","4.9","(11)","Outdoor activity organiser","·","","Greenvale Hotel, 4th floor Kamiti Rd","","Closed","· Opens 5 AM Thu","https://lh3.googleusercontent.com/gps-cs-s/AHVAweoa1axJU5OiBCQpCfgsH1PUfHZbFox3x7LeMARFd9Mh6fMZQbqUB-RXPEl4_PTjWZv7iytIPrLrvpYgNiAUyrCenMMQ6LjpXHYZJy4CGiDg5iwGoHVWwueW5FkakOG98Mjb-R0=w80-h106-k-no","","Onsite services","Online appointments",""
"https://www.google.com/maps/place/Maasai+Mara+National+Reserve/data=!4m7!3m6!1s0x182ce8a64a31fdb1:0x296a9587e0c3c410!8m2!3d-1.4821324!4d35.1299896!16s%2Fg%2F11fz7rpkyr!19sChIJsf0xSqboLBgREMTD4IeVaik?authuser=0&hl=en&rclk=1","Maasai Mara National Reserve","4.7","(3,383)","National reserve","·","","Well-known grassland for safaris","","","","https://lh3.googleusercontent.com/gps-cs-s/AHVAweqKFWEPCfw99Jraixgl_vT_7kJ-8kB9qsLN1lOyd5sRf846ycwz2ewQD7-Q7XgeXV0FaWdwmMUMW2pQ5oGOLgkgL2Tm7Wt0oQ0BnSzOXCq5MW6v8TthLfTsL-Wr0szFTISoaiwr=w138-h92-k-no","https://ssl.gstatic.com/local/servicebusiness/default_user.png","""Worth for family outings with lot of","fun activities","for kids."""
"https://www.google.com/maps/place/Two+Rivers+Mall/data=!4m7!3m6!1s0x182f3d454886e4ab:0xc48e63a813496999!8m2!3d-1.2118098!4d36.7956872!16s%2Fg%2F11b6p30wzl!19sChIJq-SGSEU9LxgRmWlJE6hjjsQ?authuser=0&hl=en&rclk=1","Two Rivers Mall","4.6","(26,742)","Shopping mall","·","","·","Limuru Rd","Closed","· Opens 9 AM Thu","https://lh3.googleusercontent.com/gps-cs-s/AHVAweqo2hXnk21cuUkWXxIkXjiD6AeypBKVLrcSFgVUPgMAFKcDWK74fV5GhpoT0UXt9lIFR2aQ5ofc7Af7Q6JIo7YkwpgD81bGYCsmrBhgNWwEeRK2eSncgg6-N6DB53NjGjksoUNj=w88-h92-k-no","https://ssl.gstatic.com/local/servicebusiness/default_user.png","""The live entertainment was amazing, the","fun","rides and VR, she loved."""
"https://www.google.com/maps/place/Cruzeiro+Safaris+Kenya/data=!4m7!3m6!1s0x182f13efc6fae3ed:0x714f8e5e179b3ad5!8m2!3d-1.2875205!4d36.8809447!16s%2Fg%2F1td5bwx9!19sChIJ7eP6xu8TLxgR1TqbF16OT3E?authuser=0&hl=en&rclk=1","Cruzeiro Safaris Kenya","4.8","(12)","Tour operator","·","","Mumias S Rd","","Open 24 hours","","https://lh3.googleusercontent.com/gps-cs-s/AHVAweqTPnwfFjsRedmsW4ipgUXaL2lJYFOnYFHhgvJ-k3Somt3t0BmqmDhphu-4FjhRBZoL3REnefQDjvgCjNbKqJVh5P-KpLbQYXp3RM8G_tP_UwP6VXqXcjIPSyjRkg8JBauCxm7M-w=w138-h92-k-no","https://ssl.gstatic.com/local/servicebusiness/default_user.png","""Guides/drivers were great and the open top car is a must for the park 💯""","",""
"https://www.google.com/maps/place/Kiambethu+Tea+Farm/data=!4m7!3m6!1s0x182f266e35cc643f:0x10110fb2581f91a3!8m2!3d-1.116977!4d36.6847042!16s%2Fg%2F1yf_9rcmm!19sChIJP2TMNW4mLxgRo5EfWLIPERA?authuser=0&hl=en&rclk=1","Kiambethu Tea Farm","4.7","(572)","Tourist attraction","·","","·","Girls School Road","Closed","· Opens 11 AM Thu","https://lh3.googleusercontent.com/gps-cs-s/AHVAweopmWqlc_jfsrgAjTDdJ6Ln5c5mG47GvSXLjOO9UD9-aJ2wtiAT2nIdUSqNPuguhiGusNiG7N6EtzZ4hV1R4WJjglbyscDoma5YVmQHvYamtMNtlI_tXEsfDH8dXj3KTaVJ0i2JgQ=w122-h92-k-no","https://ssl.gstatic.com/local/servicebusiness/default_user.png","""I learned so much it was the most wonderful way to spend our Public holiday.""","",""
"https://www.google.com/maps/place/Unique+Preen+Safaris/data=!4m7!3m6!1s0x182f1f8a3b0633e5:0x34a0a24d6dde63d9!8m2!3d-1.2672704!4d36.6310284!16s%2Fg%2F11t2vp9w8v!19sChIJ5TMGO4ofLxgR2WPebU2ioDQ?authuser=0&hl=en&rclk=1","Unique Preen Safaris","4.9","(90)","Tour operator","·","","·","Muguku Business Centre, Wing A,Kikuyu, Nairobi, Kenya","Closed","· Opens 8 AM Thu","https://lh3.googleusercontent.com/gps-cs-s/AHVAweqJ1vWgGW9_TjdZ4o_hCLmW5gcXfcKpPFmym_h6KWsy7HxB4gj_fIhBEYJUjKLpq7i6rz6zDG4Xik1Pdk3RHdauVsrXldEbWkJa4K3mjlik0d1KJuLNchE1dNLXtoWF67Vf5B0r=w138-h92-k-no","https://ssl.gstatic.com/local/servicebusiness/default_user.png","""There's something for everyone at Unique Preen 😊""","",""
"https://www.google.com/maps/place/Mufasa+Tours+and+Travels/data=!4m7!3m6!1s0x182f11a7e7267e57:0xc185c463c4d90b78!8m2!3d-1.2227006!4d36.8812661!16s%2Fg%2F11fl76hd23!19sChIJV34m56cRLxgReAvZxGPEhcE?authuser=0&hl=en&rclk=1","Mufasa Tours and Travels","4.9","(389)","Tour operator","·","","·","Ruaraka Housing Estate, USIU Rd","Closed","· Opens 8 AM Thu","https://lh3.googleusercontent.com/gps-cs-s/AHVAwer2OdGhUoYpO7Wv_WLOl3eO1R6F5AQNai964QKYd_ddHaVwAumo25Bk3rlZhw691hVr4Prt4-pMVuckQaC-yjQ0EEKTJrfNqLBEWNBhvx8BMIZIDgJnO2rpx3cqn5NvcGD-aX6d=w122-h92-k-no","https://ssl.gstatic.com/local/servicebusiness/default_user.png","""We also booked the balloon safari which was ann experience of a lifetime.""","",""
"https://www.google.com/maps/place/Mzuzi+Park/data=!4m7!3m6!1s0x182f3d820ecbcd5d:0x3c749c76896fe1a5!8m2!3d-1.2024301!4d36.8432476!16s%2Fg%2F11gyyx2tgx!19sChIJXc3LDoI9LxgRpeFviXacdDw?authuser=0&hl=en&rclk=1","Mzuzi Park","4.4","(330)","Park","·","","·","Thindigwa Highway Rd","Open","· Closes 10 PM","https://lh3.googleusercontent.com/gps-cs-s/AHVAweq_1c4Kzx4ycuJpH8Yh61oT3hYJI0p7eYYRyUlIe2b_d110VNH6_MuzbMVfzLsrD3HY0P4Ig0NBGqnjb97naiHcrxNDMzXOLIXZ2vNyUnxxAcwysywa4bTRl45hqrKyO_boLs_I=w124-h92-k-no","https://ssl.gstatic.com/local/servicebusiness/default_user.png","""Basketball court, you can play till 10pm.""","",""
"https://www.google.com/maps/place/lake+Oloiden+Flamingo+Camp/data=!4m7!3m6!1s0x18294712e6229b1f:0xebb0a3e4b1ef59e8!8m2!3d-0.8147462!4d36.2621871!16s%2Fg%2F11lg0nmsjk!19sChIJH5si5hJHKRgR6FnvseSjsOs?authuser=0&hl=en&rclk=1","lake Oloiden Flamingo Camp","4.7","(300)","Campground","·","","·","Moi S Lake Rd","","","https://lh3.googleusercontent.com/gps-cs-s/AHVAwerW4zg0vAjlPBsNUSpxSe25hrOh3bVcxfhRMawICPaUxpBFAJQGsSyg8rd38SnYe18DED81qvJhrB4VOMUfnHxWwc36vVa4X8N34nLrktIrxBBl8s2hz72Z-EAVjIADJopiQgYg=w163-h92-k-no","https://ssl.gstatic.com/local/servicebusiness/default_user.png","""We also went for boat riding, it was really","fun","and affordable."""